freq_config,plaus_config,tune_f1,tune_timely,tune_fpr,hold_f1,hold_timely,hold_fpr
freq|gap=1.5|win=50ms|tol=0.2,plaus|win=3|tol=0.3m,0.7965367965367965,0.8163265306122449,0.40487804878048783,0.8052230685527747,0.8125,0.38929440389294406
freq|gap=1.5|win=50ms|tol=0.2,plaus|win=3|tol=0.6m,0.9349269588313412,0.5918367346938775,0.0025,0.941952506596306,0.6666666666666666,0.0025
freq|gap=1.5|win=50ms|tol=0.2,plaus|win=3|tol=1.0m,0.9147496617050067,0.5918367346938775,0.0025,0.9249329758713137,0.6666666666666666,0.0025
freq|gap=1.5|win=50ms|tol=0.2,plaus|win=3|tol=1.5m,0.9058663028649386,0.5918367346938775,0.0025,0.9043715846994534,0.6666666666666666,0.0025
freq|gap=1.5|win=50ms|tol=0.2,plaus|win=5|tol=0.3m,0.8043243243243244,0.7142857142857143,0.3886138613861386,0.8215488215488216,0.7291666666666666,0.32432432432432434
freq|gap=1.5|win=50ms|tol=0.2,plaus|win=5|tol=0.6m,0.940554821664465,0.5918367346938775,0.0025,0.9462647444298821,0.6666666666666666,0.005
freq|gap=1.5|win=50ms|tol=0.2,plaus|win=5|tol=1.0m,0.9278074866310161,0.5918367346938775,0.0025,0.9335106382978724,0.6666666666666666,0.0025
freq|gap=1.5|win=50ms|tol=0.2,plaus|win=5|tol=1.5m,0.9118046132971506,0.5918367346938775,0.0025,0.9147496617050067,0.6666666666666666,0.0025
freq|gap=1.5|win=50ms|tol=0.2,plaus|win=10|tol=0.3m,0.8623853211009174,0.6530612244897959,0.24,0.8613636363636363,0.7291666666666666,0.2525
freq|gap=1.5|win=50ms|tol=0.2,plaus|win=10|tol=0.6m,0.9488859764089123,0.5918367346938775,0.0025,0.9502617801047121,0.6666666666666666,0.0025
freq|gap=1.5|win=50ms|tol=0.2,plaus|win=10|tol=1.0m,0.940554821664465,0.5918367346938775,0.0025,0.9461235216819974,0.6666666666666666,0.0025
freq|gap=1.5|win=50ms|tol=0.2,plaus|win=10|tol=1.5m,0.9306666666666666,0.5918367346938775,0.0025,0.9320905459387483,0.6666666666666666,0.0025
freq|gap=1.5|win=50ms|tol=0.2,plaus|win=20|tol=0.3m,0.8830083565459609,0.5714285714285714,0.0025,0.8845618915159945,0.6458333333333334,0.0025
freq|gap=1.5|win=50ms|tol=0.2,plaus|win=20|tol=0.6m,0.8814504881450489,0.5714285714285714,0.0025,0.8830083565459609,0.6458333333333334,0.0025
freq|gap=1.5|win=50ms|tol=0.2,plaus|win=20|tol=1.0m,0.8814504881450489,0.5714285714285714,0.0025,0.8830083565459609,0.6458333333333334,0.0025
freq|gap=1.5|win=50ms|tol=0.2,plaus|win=20|tol=1.5m,0.8814504881450489,0.5714285714285714,0.0025,0.8830083565459609,0.6458333333333334,0.0025
freq|gap=1.5|win=50ms|tol=0.4,plaus|win=3|tol=0.3m,0.7965367965367965,0.8163265306122449,0.40487804878048783,0.8052230685527747,0.8125,0.38929440389294406
freq|gap=1.5|win=50ms|tol=0.4,plaus|win=3|tol=0.6m,0.9349269588313412,0.5918367346938775,0.0025,0.941952506596306,0.6666666666666666,0.0025
freq|gap=1.5|win=50ms|tol=0.4,plaus|win=3|tol=1.0m,0.9147496617050067,0.5918367346938775,0.0025,0.9249329758713137,0.6666666666666666,0.0025
freq|gap=1.5|win=50ms|tol=0.4,plaus|win=3|tol=1.5m,0.9058663028649386,0.5918367346938775,0.0025,0.9043715846994534,0.6666666666666666,0.0025
freq|gap=1.5|win=50ms|tol=0.4,plaus|win=5|tol=0.3m,0.8043243243243244,0.7142857142857143,0.3886138613861386,0.8215488215488216,0.7291666666666666,0.32432432432432434
freq|gap=1.5|win=50ms|tol=0.4,plaus|win=5|tol=0.6m,0.940554821664465,0.5918367346938775,0.0025,0.9462647444298821,0.6666666666666666,0.005
freq|gap=1.5|win=50ms|tol=0.4,plaus|win=5|tol=1.0m,0.9278074866310161,0.5918367346938775,0.0025,0.9335106382978724,0.6666666666666666,0.0025
freq|gap=1.5|win=50ms|tol=0.4,plaus|win=5|tol=1.5m,0.9118046132971506,0.5918367346938775,0.0025,0.9147496617050067,0.6666666666666666,0.0025
freq|gap=1.5|win=50ms|tol=0.4,plaus|win=10|tol=0.3m,0.8623853211009174,0.6530612244897959,0.24,0.8613636363636363,0.7291666666666666,0.2525
freq|gap=1.5|win=50ms|tol=0.4,plaus|win=10|tol=0.6m,0.9488859764089123,0.5918367346938775,0.0025,0.9502617801047121,0.6666666666666666,0.0025
freq|gap=1.5|win=50ms|tol=0.4,plaus|win=10|tol=1.0m,0.940554821664465,0.5918367346938775,0.0025,0.9461235216819974,0.6666666666666666,0.0025
freq|gap=1.5|win=50ms|tol=0.4,plaus|win=10|tol=1.5m,0.9306666666666666,0.5918367346938775,0.0025,0.9320905459387483,0.6666666666666666,0.0025
freq|gap=1.5|win=50ms|tol=0.4,plaus|win=20|tol=0.3m,0.8830083565459609,0.5714285714285714,0.0025,0.8845618915159945,0.6458333333333334,0.0025
freq|gap=1.5|win=50ms|tol=0.4,plaus|win=20|tol=0.6m,0.8814504881450489,0.5714285714285714,0.0025,0.8830083565459609,0.6458333333333334,0.0025
freq|gap=1.5|win=50ms|tol=0.4,plaus|win=20|tol=1.0m,0.8814504881450489,0.5714285714285714,0.0025,0.8830083565459609,0.6458333333333334,0.0025
freq|gap=1.5|win=50ms|tol=0.4,plaus|win=20|tol=1.5m,0.8814504881450489,0.5714285714285714,0.0025,0.8830083565459609,0.6458333333333334,0.0025
freq|gap=1.5|win=50ms|tol=0.6,plaus|win=3|tol=0.3m,0.7965367965367965,0.8163265306122449,0.40487804878048783,0.8052230685527747,0.8125,0.38929440389294406
freq|gap=1.5|win=50ms|tol=0.6,plaus|win=3|tol=0.6m,0.9349269588313412,0.5918367346938775,0.0025,0.941952506596306,0.6666666666666666,0.0025
freq|gap=1.5|win=50ms|tol=0.6,plaus|win=3|tol=1.0m,0.9147496617050067,0.5918367346938775,0.0025,0.9249329758713137,0.6666666666666666,0.0025
freq|gap=1.5|win=50ms|tol=0.6,plaus|win=3|tol=1.5m,0.9058663028649386,0.5918367346938775,0.0025,0.9043715846994534,0.6666666666666666,0.0025
freq|gap=1.5|win=50ms|tol=0.6,plaus|win=5|tol=0.3m,0.8043243243243244,0.7142857142857143,0.3886138613861386,0.8215488215488216,0.7291666666666666,0.32432432432432434
freq|gap=1.5|win=50ms|tol=0.6,plaus|win=5|tol=0.6m,0.940554821664465,0.5918367346938775,0.0025,0.9462647444298821,0.6666666666666666,0.005
freq|gap=1.5|win=50ms|tol=0.6,plaus|win=5|tol=1.0m,0.9278074866310161,0.5918367346938775,0.0025,0.9335106382978724,0.6666666666666666,0.0025
freq|gap=1.5|win=50ms|tol=0.6,plaus|win=5|tol=1.5m,0.9118046132971506,0.5918367346938775,0.0025,0.9147496617050067,0.6666666666666666,0.0025
freq|gap=1.5|win=50ms|tol=0.6,plaus|win=10|tol=0.3m,0.8623853211009174,0.6530612244897959,0.24,0.8613636363636363,0.7291666666666666,0.2525
freq|gap=1.5|win=50ms|tol=0.6,plaus|win=10|tol=0.6m,0.9488859764089123,0.5918367346938775,0.0025,0.9502617801047121,0.6666666666666666,0.0025
freq|gap=1.5|win=50ms|tol=0.6,plaus|win=10|tol=1.0m,0.940554821664465,0.5918367346938775,0.0025,0.9461235216819974,0.6666666666666666,0.0025
freq|gap=1.5|win=50ms|tol=0.6,plaus|win=10|tol=1.5m,0.9306666666666666,0.5918367346938775,0.0025,0.9320905459387483,0.6666666666666666,0.0025
freq|gap=1.5|win=50ms|tol=0.6,plaus|win=20|tol=0.3m,0.8830083565459609,0.5714285714285714,0.0025,0.8845618915159945,0.6458333333333334,0.0025
freq|gap=1.5|win=50ms|tol=0.6,plaus|win=20|tol=0.6m,0.8814504881450489,0.5714285714285714,0.0025,0.8830083565459609,0.6458333333333334,0.0025
freq|gap=1.5|win=50ms|tol=0.6,plaus|win=20|tol=1.0m,0.8814504881450489,0.5714285714285714,0.0025,0.8830083565459609,0.6458333333333334,0.0025
freq|gap=1.5|win=50ms|tol=0.6,plaus|win=20|tol=1.5m,0.8814504881450489,0.5714285714285714,0.0025,0.8830083565459609,0.6458333333333334,0.0025
freq|gap=1.5|win=100ms|tol=0.2,plaus|win=3|tol=0.3m,0.7965367965367965,0.8163265306122449,0.40487804878048783,0.8052230685527747,0.8125,0.38929440389294406
freq|gap=1.5|win=100ms|tol=0.2,plaus|win=3|tol=0.6m,0.9349269588313412,0.5918367346938775,0.0025,0.941952506596306,0.6666666666666666,0.0025
freq|gap=1.5|win=100ms|tol=0.2,plaus|win=3|tol=1.0m,0.9147496617050067,0.5918367346938775,0.0025,0.9249329758713137,0.6666666666666666,0.0025
freq|gap=1.5|win=100ms|tol=0.2,plaus|win=3|tol=1.5m,0.9058663028649386,0.5918367346938775,0.0025,0.9043715846994534,0.6666666666666666,0.0025
freq|gap=1.5|win=100ms|tol=0.2,plaus|win=5|tol=0.3m,0.8043243243243244,0.7142857142857143,0.3886138613861386,0.8215488215488216,0.7291666666666666,0.32432432432432434
freq|gap=1.5|win=100ms|tol=0.2,plaus|win=5|tol=0.6m,0.940554821664465,0.5918367346938775,0.0025,0.9462647444298821,0.6666666666666666,0.005
freq|gap=1.5|win=100ms|tol=0.2,plaus|win=5|tol=1.0m,0.9278074866310161,0.5918367346938775,0.0025,0.9335106382978724,0.6666666666666666,0.0025
freq|gap=1.5|win=100ms|tol=0.2,plaus|win=5|tol=1.5m,0.9118046132971506,0.5918367346938775,0.0025,0.9147496617050067,0.6666666666666666,0.0025
freq|gap=1.5|win=100ms|tol=0.2,plaus|win=10|tol=0.3m,0.8623853211009174,0.6530612244897959,0.24,0.8613636363636363,0.7291666666666666,0.2525
freq|gap=1.5|win=100ms|tol=0.2,plaus|win=10|tol=0.6m,0.9488859764089123,0.5918367346938775,0.0025,0.9502617801047121,0.6666666666666666,0.0025
freq|gap=1.5|win=100ms|tol=0.2,plaus|win=10|tol=1.0m,0.940554821664465,0.5918367346938775,0.0025,0.9461235216819974,0.6666666666666666,0.0025
freq|gap=1.5|win=100ms|tol=0.2,plaus|win=10|tol=1.5m,0.9306666666666666,0.5918367346938775,0.0025,0.9320905459387483,0.6666666666666666,0.0025
freq|gap=1.5|win=100ms|tol=0.2,plaus|win=20|tol=0.3m,0.8830083565459609,0.5714285714285714,0.0025,0.8845618915159945,0.6458333333333334,0.0025
freq|gap=1.5|win=100ms|tol=0.2,plaus|win=20|tol=0.6m,0.8814504881450489,0.5714285714285714,0.0025,0.8830083565459609,0.6458333333333334,0.0025
freq|gap=1.5|win=100ms|tol=0.2,plaus|win=20|tol=1.0m,0.8814504881450489,0.5714285714285714,0.0025,0.8830083565459609,0.6458333333333334,0.0025
freq|gap=1.5|win=100ms|tol=0.2,plaus|win=20|tol=1.5m,0.8814504881450489,0.5714285714285714,0.0025,0.8830083565459609,0.6458333333333334,0.0025
freq|gap=1.5|win=100ms|tol=0.4,plaus|win=3|tol=0.3m,0.7965367965367965,0.8163265306122449,0.40487804878048783,0.8052230685527747,0.8125,0.38929440389294406
freq|gap=1.5|win=100ms|tol=0.4,plaus|win=3|tol=0.6m,0.9349269588313412,0.5918367346938775,0.0025,0.941952506596306,0.6666666666666666,0.0025
freq|gap=1.5|win=100ms|tol=0.4,plaus|win=3|tol=1.0m,0.9147496617050067,0.5918367346938775,0.0025,0.9249329758713137,0.6666666666666666,0.0025
freq|gap=1.5|win=100ms|tol=0.4,plaus|win=3|tol=1.5m,0.9058663028649386,0.5918367346938775,0.0025,0.9043715846994534,0.6666666666666666,0.0025
freq|gap=1.5|win=100ms|tol=0.4,plaus|win=5|tol=0.3m,0.8043243243243244,0.7142857142857143,0.3886138613861386,0.8215488215488216,0.7291666666666666,0.32432432432432434
freq|gap=1.5|win=100ms|tol=0.4,plaus|win=5|tol=0.6m,0.940554821664465,0.5918367346938775,0.0025,0.9462647444298821,0.6666666666666666,0.005
freq|gap=1.5|win=100ms|tol=0.4,plaus|win=5|tol=1.0m,0.9278074866310161,0.5918367346938775,0.0025,0.9335106382978724,0.6666666666666666,0.0025
freq|gap=1.5|win=100ms|tol=0.4,plaus|win=5|tol=1.5m,0.9118046132971506,0.5918367346938775,0.0025,0.9147496617050067,0.6666666666666666,0.0025
freq|gap=1.5|win=100ms|tol=0.4,plaus|win=10|tol=0.3m,0.8623853211009174,0.6530612244897959,0.24,0.8613636363636363,0.7291666666666666,0.2525
freq|gap=1.5|win=100ms|tol=0.4,plaus|win=10|tol=0.6m,0.9488859764089123,0.5918367346938775,0.0025,0.9502617801047121,0.6666666666666666,0.0025
freq|gap=1.5|win=100ms|tol=0.4,plaus|win=10|tol=1.0m,0.940554821664465,0.5918367346938775,0.0025,0.9461235216819974,0.6666666666666666,0.0025
freq|gap=1.5|win=100ms|tol=0.4,plaus|win=10|tol=1.5m,0.9306666666666666,0.5918367346938775,0.0025,0.9320905459387483,0.6666666666666666,0.0025
freq|gap=1.5|win=100ms|tol=0.4,plaus|win=20|tol=0.3m,0.8830083565459609,0.5714285714285714,0.0025,0.8845618915159945,0.6458333333333334,0.0025
freq|gap=1.5|win=100ms|tol=0.4,plaus|win=20|tol=0.6m,0.8814504881450489,0.5714285714285714,0.0025,0.8830083565459609,0.6458333333333334,0.0025
freq|gap=1.5|win=100ms|tol=0.4,plaus|win=20|tol=1.0m,0.8814504881450489,0.5714285714285714,0.0025,0.8830083565459609,0.6458333333333334,0.0025
freq|gap=1.5|win=100ms|tol=0.4,plaus|win=20|tol=1.5m,0.8814504881450489,0.5714285714285714,0.0025,0.8830083565459609,0.6458333333333334,0.0025
freq|gap=1.5|win=100ms|tol=0.6,plaus|win=3|tol=0.3m,0.7965367965367965,0.8163265306122449,0.40487804878048783,0.8052230685527747,0.8125,0.38929440389294406
freq|gap=1.5|win=100ms|tol=0.6,plaus|win=3|tol=0.6m,0.9349269588313412,0.5918367346938775,0.0025,0.941952506596306,0.6666666666666666,0.0025
freq|gap=1.5|win=100ms|tol=0.6,plaus|win=3|tol=1.0m,0.9147496617050067,0.5918367346938775,0.0025,0.9249329758713137,0.6666666666666666,0.0025
freq|gap=1.5|win=100ms|tol=0.6,plaus|win=3|tol=1.5m,0.9058663028649386,0.5918367346938775,0.0025,0.9043715846994534,0.6666666666666666,0.0025
freq|gap=1.5|win=100ms|tol=0.6,plaus|win=5|tol=0.3m,0.8043243243243244,0.7142857142857143,0.3886138613861386,0.8215488215488216,0.7291666666666666,0.32432432432432434
freq|gap=1.5|win=100ms|tol=0.6,plaus|win=5|tol=0.6m,0.940554821664465,0.5918367346938775,0.0025,0.9462647444298821,0.6666666666666666,0.005
freq|gap=1.5|win=100ms|tol=0.6,plaus|win=5|tol=1.0m,0.9278074866310161,0.5918367346938775,0.0025,0.9335106382978724,0.6666666666666666,0.0025
freq|gap=1.5|win=100ms|tol=0.6,plaus|win=5|tol=1.5m,0.9118046132971506,0.5918367346938775,0.0025,0.9147496617050067,0.6666666666666666,0.0025
freq|gap=1.5|win=100ms|tol=0.6,plaus|win=10|tol=0.3m,0.8623853211009174,0.6530612244897959,0.24,0.8613636363636363,0.7291666666666666,0.2525
freq|gap=1.5|win=100ms|tol=0.6,plaus|win=10|tol=0.6m,0.9488859764089123,0.5918367346938775,0.0025,0.9502617801047121,0.6666666666666666,0.0025
freq|gap=1.5|win=100ms|tol=0.6,plaus|win=10|tol=1.0m,0.940554821664465,0.5918367346938775,0.0025,0.9461235216819974,0.6666666666666666,0.0025
freq|gap=1.5|win=100ms|tol=0.6,plaus|win=10|tol=1.5m,0.9306666666666666,0.5918367346938775,0.0025,0.9320905459387483,0.6666666666666666,0.0025
freq|gap=1.5|win=100ms|tol=0.6,plaus|win=20|tol=0.3m,0.8830083565459609,0.5714285714285714,0.0025,0.8845618915159945,0.6458333333333334,0.0025
freq|gap=1.5|win=100ms|tol=0.6,plaus|win=20|tol=0.6m,0.8814504881450489,0.5714285714285714,0.0025,0.8830083565459609,0.6458333333333334,0.0025
freq|gap=1.5|win=100ms|tol=0.6,plaus|win=20|tol=1.0m,0.8814504881450489,0.5714285714285714,0.0025,0.8830083565459609,0.6458333333333334,0.0025
freq|gap=1.5|win=100ms|tol=0.6,plaus|win=20|tol=1.5m,0.8814504881450489,0.5714285714285714,0.0025,0.8830083565459609,0.6458333333333334,0.0025
freq|gap=1.5|win=200ms|tol=0.2,plaus|win=3|tol=0.3m,0.7965367965367965,0.8163265306122449,0.40487804878048783,0.8052230685527747,0.8125,0.38929440389294406
freq|gap=1.5|win=200ms|tol=0.2,plaus|win=3|tol=0.6m,0.9349269588313412,0.5918367346938775,0.0025,0.941952506596306,0.6666666666666666,0.0025
freq|gap=1.5|win=200ms|tol=0.2,plaus|win=3|tol=1.0m,0.9147496617050067,0.5918367346938775,0.0025,0.9249329758713137,0.6666666666666666,0.0025
freq|gap=1.5|win=200ms|tol=0.2,plaus|win=3|tol=1.5m,0.9058663028649386,0.5918367346938775,0.0025,0.9043715846994534,0.6666666666666666,0.0025
freq|gap=1.5|win=200ms|tol=0.2,plaus|win=5|tol=0.3m,0.8043243243243244,0.7142857142857143,0.3886138613861386,0.8215488215488216,0.7291666666666666,0.32432432432432434
freq|gap=1.5|win=200ms|tol=0.2,plaus|win=5|tol=0.6m,0.940554821664465,0.5918367346938775,0.0025,0.9462647444298821,0.6666666666666666,0.005
freq|gap=1.5|win=200ms|tol=0.2,plaus|win=5|tol=1.0m,0.9278074866310161,0.5918367346938775,0.0025,0.9335106382978724,0.6666666666666666,0.0025
freq|gap=1.5|win=200ms|tol=0.2,plaus|win=5|tol=1.5m,0.9118046132971506,0.5918367346938775,0.0025,0.9147496617050067,0.6666666666666666,0.0025
freq|gap=1.5|win=200ms|tol=0.2,plaus|win=10|tol=0.3m,0.8623853211009174,0.6530612244897959,0.24,0.8613636363636363,0.7291666666666666,0.2525
freq|gap=1.5|win=200ms|tol=0.2,plaus|win=10|tol=0.6m,0.9488859764089123,0.5918367346938775,0.0025,0.9502617801047121,0.6666666666666666,0.0025
freq|gap=1.5|win=200ms|tol=0.2,plaus|win=10|tol=1.0m,0.940554821664465,0.5918367346938775,0.0025,0.9461235216819974,0.6666666666666666,0.0025
freq|gap=1.5|win=200ms|tol=0.2,plaus|win=10|tol=1.5m,0.9306666666666666,0.5918367346938775,0.0025,0.9320905459387483,0.6666666666666666,0.0025
freq|gap=1.5|win=200ms|tol=0.2,plaus|win=20|tol=0.3m,0.8830083565459609,0.5714285714285714,0.0025,0.8845618915159945,0.6458333333333334,0.0025
freq|gap=1.5|win=200ms|tol=0.2,plaus|win=20|tol=0.6m,0.8814504881450489,0.5714285714285714,0.0025,0.8830083565459609,0.6458333333333334,0.0025
freq|gap=1.5|win=200ms|tol=0.2,plaus|win=20|tol=1.0m,0.8814504881450489,0.5714285714285714,0.0025,0.8830083565459609,0.6458333333333334,0.0025
freq|gap=1.5|win=200ms|tol=0.2,plaus|win=20|tol=1.5m,0.8814504881450489,0.5714285714285714,0.0025,0.8830083565459609,0.6458333333333334,0.0025
freq|gap=1.5|win=200ms|tol=0.4,plaus|win=3|tol=0.3m,0.7965367965367965,0.8163265306122449,0.40487804878048783,0.8052230685527747,0.8125,0.38929440389294406
freq|gap=1.5|win=200ms|tol=0.4,plaus|win=3|tol=0.6m,0.9349269588313412,0.5918367346938775,0.0025,0.941952506596306,0.6666666666666666,0.0025
freq|gap=1.5|win=200ms|tol=0.4,plaus|win=3|tol=1.0m,0.9147496617050067,0.5918367346938775,0.0025,0.9249329758713137,0.6666666666666666,0.0025
freq|gap=1.5|win=200ms|tol=0.4,plaus|win=3|tol=1.5m,0.9058663028649386,0.5918367346938775,0.0025,0.9043715846994534,0.6666666666666666,0.0025
freq|gap=1.5|win=200ms|tol=0.4,plaus|win=5|tol=0.3m,0.8043243243243244,0.7142857142857143,0.3886138613861386,0.8215488215488216,0.7291666666666666,0.32432432432432434
freq|gap=1.5|win=200ms|tol=0.4,plaus|win=5|tol=0.6m,0.940554821664465,0.5918367346938775,0.0025,0.9462647444298821,0.6666666666666666,0.005
freq|gap=1.5|win=200ms|tol=0.4,plaus|win=5|tol=1.0m,0.9278074866310161,0.5918367346938775,0.0025,0.9335106382978724,0.6666666666666666,0.0025
freq|gap=1.5|win=200ms|tol=0.4,plaus|win=5|tol=1.5m,0.9118046132971506,0.5918367346938775,0.0025,0.9147496617050067,0.6666666666666666,0.0025
freq|gap=1.5|win=200ms|tol=0.4,plaus|win=10|tol=0.3m,0.8623853211009174,0.6530612244897959,0.24,0.8613636363636363,0.7291666666666666,0.2525
freq|gap=1.5|win=200ms|tol=0.4,plaus|win=10|tol=0.6m,0.9488859764089123,0.5918367346938775,0.0025,0.9502617801047121,0.6666666666666666,0.0025
freq|gap=1.5|win=200ms|tol=0.4,plaus|win=10|tol=1.0m,0.940554821664465,0.5918367346938775,0.0025,0.9461235216819974,0.6666666666666666,0.0025
freq|gap=1.5|win=200ms|tol=0.4,plaus|win=10|tol=1.5m,0.9306666666666666,0.5918367346938775,0.0025,0.9320905459387483,0.6666666666666666,0.0025
freq|gap=1.5|win=200ms|tol=0.4,plaus|win=20|tol=0.3m,0.8830083565459609,0.5714285714285714,0.0025,0.8845618915159945,0.6458333333333334,0.0025
freq|gap=1.5|win=200ms|tol=0.4,plaus|win=20|tol=0.6m,0.8814504881450489,0.5714285714285714,0.0025,0.8830083565459609,0.6458333333333334,0.0025
freq|gap=1.5|win=200ms|tol=0.4,plaus|win=20|tol=1.0m,0.8814504881450489,0.5714285714285714,0.0025,0.8830083565459609,0.6458333333333334,0.0025
freq|gap=1.5|win=200ms|tol=0.4,plaus|win=20|tol=1.5m,0.8814504881450489,0.5714285714285714,0.0025,0.8830083565459609,0.6458333333333334,0.0025
freq|gap=1.5|win=200ms|tol=0.6,plaus|win=3|tol=0.3m,0.7965367965367965,0.8163265306122449,0.40487804878048783,0.8052230685527747,0.8125,0.38929440389294406
freq|gap=1.5|win=200ms|tol=0.6,plaus|win=3|tol=0.6m,0.9349269588313412,0.5918367346938775,0.0025,0.941952506596306,0.6666666666666666,0.0025
freq|gap=1.5|win=200ms|tol=0.6,plaus|win=3|tol=1.0m,0.9147496617050067,0.5918367346938775,0.0025,0.9249329758713137,0.6666666666666666,0.0025
freq|gap=1.5|win=200ms|tol=0.6,plaus|win=3|tol=1.5m,0.9058663028649386,0.5918367346938775,0.0025,0.9043715846994534,0.6666666666666666,0.0025
freq|gap=1.5|win=200ms|tol=0.6,plaus|win=5|tol=0.3m,0.8043243243243244,0.7142857142857143,0.3886138613861386,0.8215488215488216,0.7291666666666666,0.32432432432432434
freq|gap=1.5|win=200ms|tol=0.6,plaus|win=5|tol=0.6m,0.940554821664465,0.5918367346938775,0.0025,0.9462647444298821,0.6666666666666666,0.005
freq|gap=1.5|win=200ms|tol=0.6,plaus|win=5|tol=1.0m,0.9278074866310161,0.5918367346938775,0.0025,0.9335106382978724,0.6666666666666666,0.0025
freq|gap=1.5|win=200ms|tol=0.6,plaus|win=5|tol=1.5m,0.9118046132971506,0.5918367346938775,0.0025,0.9147496617050067,0.6666666666666666,0.0025
freq|gap=1.5|win=200ms|tol=0.6,plaus|win=10|tol=0.3m,0.8623853211009174,0.6530612244897959,0.24,0.8613636363636363,0.7291666666666666,0.2525
freq|gap=1.5|win=200ms|tol=0.6,plaus|win=10|tol=0.6m,0.9488859764089123,0.5918367346938775,0.0025,0.9502617801047121,0.6666666666666666,0.0025
freq|gap=1.5|win=200ms|tol=0.6,plaus|win=10|tol=1.0m,0.940554821664465,0.5918367346938775,0.0025,0.9461235216819974,0.6666666666666666,0.0025
freq|gap=1.5|win=200ms|tol=0.6,plaus|win=10|tol=1.5m,0.9306666666666666,0.5918367346938775,0.0025,0.9320905459387483,0.6666666666666666,0.0025
freq|gap=1.5|win=200ms|tol=0.6,plaus|win=20|tol=0.3m,0.8830083565459609,0.5714285714285714,0.0025,0.8845618915159945,0.6458333333333334,0.0025
freq|gap=1.5|win=200ms|tol=0.6,plaus|win=20|tol=0.6m,0.8814504881450489,0.5714285714285714,0.0025,0.8830083565459609,0.6458333333333334,0.0025
freq|gap=1.5|win=200ms|tol=0.6,plaus|win=20|tol=1.0m,0.8814504881450489,0.5714285714285714,0.0025,0.8830083565459609,0.6458333333333334,0.0025
freq|gap=1.5|win=200ms|tol=0.6,plaus|win=20|tol=1.5m,0.8814504881450489,0.5714285714285714,0.0025,0.8830083565459609,0.6458333333333334,0.0025
freq|gap=1.5|win=400ms|tol=0.2,plaus|win=3|tol=0.3m,0.7965367965367965,0.8163265306122449,0.40487804878048783,0.8052230685527747,0.8125,0.38929440389294406
freq|gap=1.5|win=400ms|tol=0.2,plaus|win=3|tol=0.6m,0.9349269588313412,0.5918367346938775,0.0025,0.941952506596306,0.6666666666666666,0.0025
freq|gap=1.5|win=400ms|tol=0.2,plaus|win=3|tol=1.0m,0.9147496617050067,0.5918367346938775,0.0025,0.9249329758713137,0.6666666666666666,0.0025
freq|gap=1.5|win=400ms|tol=0.2,plaus|win=3|tol=1.5m,0.9058663028649386,0.5918367346938775,0.0025,0.9043715846994534,0.6666666666666666,0.0025
freq|gap=1.5|win=400ms|tol=0.2,plaus|win=5|tol=0.3m,0.8043243243243244,0.7142857142857143,0.3886138613861386,0.8215488215488216,0.7291666666666666,0.32432432432432434
freq|gap=1.5|win=400ms|tol=0.2,plaus|win=5|tol=0.6m,0.940554821664465,0.5918367346938775,0.0025,0.9462647444298821,0.6666666666666666,0.005
freq|gap=1.5|win=400ms|tol=0.2,plaus|win=5|tol=1.0m,0.9278074866310161,0.5918367346938775,0.0025,0.9335106382978724,0.6666666666666666,0.0025
freq|gap=1.5|win=400ms|tol=0.2,plaus|win=5|tol=1.5m,0.9118046132971506,0.5918367346938775,0.0025,0.9147496617050067,0.6666666666666666,0.0025
freq|gap=1.5|win=400ms|tol=0.2,plaus|win=10|tol=0.3m,0.8623853211009174,0.6530612244897959,0.24,0.8613636363636363,0.7291666666666666,0.2525
freq|gap=1.5|win=400ms|tol=0.2,plaus|win=10|tol=0.6m,0.9488859764089123,0.5918367346938775,0.0025,0.9502617801047121,0.6666666666666666,0.0025
freq|gap=1.5|win=400ms|tol=0.2,plaus|win=10|tol=1.0m,0.940554821664465,0.5918367346938775,0.0025,0.9461235216819974,0.6666666666666666,0.0025
freq|gap=1.5|win=400ms|tol=0.2,plaus|win=10|tol=1.5m,0.9306666666666666,0.5918367346938775,0.0025,0.9320905459387483,0.6666666666666666,0.0025
freq|gap=1.5|win=400ms|tol=0.2,plaus|win=20|tol=0.3m,0.8830083565459609,0.5714285714285714,0.0025,0.8845618915159945,0.6458333333333334,0.0025
freq|gap=1.5|win=400ms|tol=0.2,plaus|win=20|tol=0.6m,0.8814504881450489,0.5714285714285714,0.0025,0.8830083565459609,0.6458333333333334,0.0025
freq|gap=1.5|win=400ms|tol=0.2,plaus|win=20|tol=1.0m,0.8814504881450489,0.5714285714285714,0.0025,0.8830083565459609,0.6458333333333334,0.0025
freq|gap=1.5|win=400ms|tol=0.2,plaus|win=20|tol=1.5m,0.8814504881450489,0.5714285714285714,0.0025,0.8830083565459609,0.6458333333333334,0.0025
freq|gap=1.5|win=400ms|tol=0.4,plaus|win=3|tol=0.3m,0.7965367965367965,0.8163265306122449,0.40487804878048783,0.8052230685527747,0.8125,0.38929440389294406
freq|gap=1.5|win=400ms|tol=0.4,plaus|win=3|tol=0.6m,0.9349269588313412,0.5918367346938775,0.0025,0.941952506596306,0.6666666666666666,0.0025
freq|gap=1.5|win=400ms|tol=0.4,plaus|win=3|tol=1.0m,0.9147496617050067,0.5918367346938775,0.0025,0.9249329758713137,0.6666666666666666,0.0025
freq|gap=1.5|win=400ms|tol=0.4,plaus|win=3|tol=1.5m,0.9058663028649386,0.5918367346938775,0.0025,0.9043715846994534,0.6666666666666666,0.0025
freq|gap=1.5|win=400ms|tol=0.4,plaus|win=5|tol=0.3m,0.8043243243243244,0.7142857142857143,0.3886138613861386,0.8215488215488216,0.7291666666666666,0.32432432432432434
freq|gap=1.5|win=400ms|tol=0.4,plaus|win=5|tol=0.6m,0.940554821664465,0.5918367346938775,0.0025,0.9462647444298821,0.6666666666666666,0.005
freq|gap=1.5|win=400ms|tol=0.4,plaus|win=5|tol=1.0m,0.9278074866310161,0.5918367346938775,0.0025,0.9335106382978724,0.6666666666666666,0.0025
freq|gap=1.5|win=400ms|tol=0.4,plaus|win=5|tol=1.5m,0.9118046132971506,0.5918367346938775,0.0025,0.9147496617050067,0.6666666666666666,0.0025
freq|gap=1.5|win=400ms|tol=0.4,plaus|win=10|tol=0.3m,0.8623853211009174,0.6530612244897959,0.24,0.8613636363636363,0.7291666666666666,0.2525
freq|gap=1.5|win=400ms|tol=0.4,plaus|win=10|tol=0.6m,0.9488859764089123,0.5918367346938775,0.0025,0.9502617801047121,0.6666666666666666,0.0025
freq|gap=1.5|win=400ms|tol=0.4,plaus|win=10|tol=1.0m,0.940554821664465,0.5918367346938775,0.0025,0.9461235216819974,0.6666666666666666,0.0025
freq|gap=1.5|win=400ms|tol=0.4,plaus|win=10|tol=1.5m,0.9306666666666666,0.5918367346938775,0.0025,0.9320905459387483,0.6666666666666666,0.0025
freq|gap=1.5|win=400ms|tol=0.4,plaus|win=20|tol=0.3m,0.8830083565459609,0.5714285714285714,0.0025,0.8845618915159945,0.6458333333333334,0.0025
freq|gap=1.5|win=400ms|tol=0.4,plaus|win=20|tol=0.6m,0.8814504881450489,0.5714285714285714,0.0025,0.8830083565459609,0.6458333333333334,0.0025
freq|gap=1.5|win=400ms|tol=0.4,plaus|win=20|tol=1.0m,0.8814504881450489,0.5714285714285714,0.0025,0.8830083565459609,0.6458333333333334,0.0025
freq|gap=1.5|win=400ms|tol=0.4,plaus|win=20|tol=1.5m,0.8814504881450489,0.5714285714285714,0.0025,0.8830083565459609,0.6458333333333334,0.0025
freq|gap=1.5|win=400ms|tol=0.6,plaus|win=3|tol=0.3m,0.7965367965367965,0.8163265306122449,0.40487804878048783,0.8052230685527747,0.8125,0.38929440389294406
freq|gap=1.5|win=400ms|tol=0.6,plaus|win=3|tol=0.6m,0.9349269588313412,0.5918367346938775,0.0025,0.941952506596306,0.6666666666666666,0.0025
freq|gap=1.5|win=400ms|tol=0.6,plaus|win=3|tol=1.0m,0.9147496617050067,0.5918367346938775,0.0025,0.9249329758713137,0.6666666666666666,0.0025
freq|gap=1.5|win=400ms|tol=0.6,plaus|win=3|tol=1.5m,0.9058663028649386,0.5918367346938775,0.0025,0.9043715846994534,0.6666666666666666,0.0025
freq|gap=1.5|win=400ms|tol=0.6,plaus|win=5|tol=0.3m,0.8043243243243244,0.7142857142857143,0.3886138613861386,0.8215488215488216,0.7291666666666666,0.32432432432432434
freq|gap=1.5|win=400ms|tol=0.6,plaus|win=5|tol=0.6m,0.940554821664465,0.5918367346938775,0.0025,0.9462647444298821,0.6666666666666666,0.005
freq|gap=1.5|win=400ms|tol=0.6,plaus|win=5|tol=1.0m,0.9278074866310161,0.5918367346938775,0.0025,0.9335106382978724,0.6666666666666666,0.0025
freq|gap=1.5|win=400ms|tol=0.6,plaus|win=5|tol=1.5m,0.9118046132971506,0.5918367346938775,0.0025,0.9147496617050067,0.6666666666666666,0.0025
freq|gap=1.5|win=400ms|tol=0.6,plaus|win=10|tol=0.3m,0.8623853211009174,0.6530612244897959,0.24,0.8613636363636363,0.7291666666666666,0.2525
freq|gap=1.5|win=400ms|tol=0.6,plaus|win=10|tol=0.6m,0.9488859764089123,0.5918367346938775,0.0025,0.9502617801047121,0.6666666666666666,0.0025
freq|gap=1.5|win=400ms|tol=0.6,plaus|win=10|tol=1.0m,0.940554821664465,0.5918367346938775,0.0025,0.9461235216819974,0.6666666666666666,0.0025
freq|gap=1.5|win=400ms|tol=0.6,plaus|win=10|tol=1.5m,0.9306666666666666,0.5918367346938775,0.0025,0.9320905459387483,0.6666666666666666,0.0025
freq|gap=1.5|win=400ms|tol=0.6,plaus|win=20|tol=0.3m,0.8830083565459609,0.5714285714285714,0.0025,0.8845618915159945,0.6458333333333334,0.0025
freq|gap=1.5|win=400ms|tol=0.6,plaus|win=20|tol=0.6m,0.8814504881450489,0.5714285714285714,0.0025,0.8830083565459609,0.6458333333333334,0.0025
freq|gap=1.5|win=400ms|tol=0.6,plaus|win=20|tol=1.0m,0.8814504881450489,0.5714285714285714,0.0025,0.8830083565459609,0.6458333333333334,0.0025
freq|gap=1.5|win=400ms|tol=0.6,plaus|win=20|tol=1.5m,0.8814504881450489,0.5714285714285714,0.0025,0.8830083565459609,0.6458333333333334,0.0025
freq|gap=2.5|win=50ms|tol=0.2,plaus|win=3|tol=0.3m,0.7939262472885034,0.8163265306122449,0.40487804878048783,0.8026172300981461,0.8125,0.38929440389294406
freq|gap=2.5|win=50ms|tol=0.2,plaus|win=3|tol=0.6m,0.9306666666666666,0.5918367346938775,0.0025,0.937748344370861,0.6666666666666666,0.0025
freq|gap=2.5|win=50ms|tol=0.2,plaus|win=3|tol=1.0m,0.9103260869565216,0.5918367346938775,0.0025,0.9205921938088829,0.6666666666666666,0.0025
freq|gap=2.5|win=50ms|tol=0.2,plaus|win=3|tol=1.5m,0.9013698630136987,0.5918367346938775,0.0025,0.8998628257887518,0.6666666666666666,0.0025
freq|gap=2.5|win=50ms|tol=0.2,plaus|win=5|tol=0.3m,0.8004338394793926,0.7142857142857143,0.3886138613861386,0.8188976377952756,0.7291666666666666,0.32432432432432434
freq|gap=2.5|win=50ms|tol=0.2,plaus|win=5|tol=0.6m,0.9363395225464191,0.5918367346938775,0.0025,0.9421052631578948,0.6666666666666666,0.005
freq|gap=2.5|win=50ms|tol=0.2,plaus|win=5|tol=1.0m,0.9234899328859061,0.5918367346938775,0.0025,0.9292389853137517,0.6666666666666666,0.0025
freq|gap=2.5|win=50ms|tol=0.2,plaus|win=5|tol=1.5m,0.9073569482288828,0.5918367346938775,0.0025,0.9103260869565216,0.6666666666666666,0.0025
freq|gap=2.5|win=50ms|tol=0.2,plaus|win=10|tol=0.3m,0.8597701149425288,0.6530612244897959,0.24,0.8600682593856654,0.7291666666666666,0.2525
freq|gap=2.5|win=50ms|tol=0.2,plaus|win=10|tol=0.6m,0.9447368421052631,0.5918367346938775,0.0025,0.9461235216819974,0.6666666666666666,0.0025
freq|gap=2.5|win=50ms|tol=0.2,plaus|win=10|tol=1.0m,0.9363395225464191,0.5918367346938775,0.0025,0.941952506596306,0.6666666666666666,0.0025
freq|gap=2.5|win=50ms|tol=0.2,plaus|win=10|tol=1.5m,0.9263721552878179,0.5918367346938775,0.0025,0.9278074866310161,0.6666666666666666,0.0025
freq|gap=2.5|win=50ms|tol=0.2,plaus|win=20|tol=0.3m,0.8783216783216784,0.5714285714285714,0.0025,0.8798882681564245,0.6458333333333334,0.0025
freq|gap=2.5|win=50ms|tol=0.2,plaus|win=20|tol=0.6m,0.8767507002801119,0.5714285714285714,0.0025,0.8783216783216784,0.6458333333333334,0.0025
freq|gap=2.5|win=50ms|tol=0.2,plaus|win=20|tol=1.0m,0.8767507002801119,0.5714285714285714,0.0025,0.8783216783216784,0.6458333333333334,0.0025
freq|gap=2.5|win=50ms|tol=0.2,plaus|win=20|tol=1.5m,0.8767507002801119,0.5714285714285714,0.0025,0.8783216783216784,0.6458333333333334,0.0025
freq|gap=2.5|win=50ms|tol=0.4,plaus|win=3|tol=0.3m,0.7939262472885034,0.8163265306122449,0.40487804878048783,0.8026172300981461,0.8125,0.38929440389294406
freq|gap=2.5|win=50ms|tol=0.4,plaus|win=3|tol=0.6m,0.9306666666666666,0.5918367346938775,0.0025,0.937748344370861,0.6666666666666666,0.0025
freq|gap=2.5|win=50ms|tol=0.4,plaus|win=3|tol=1.0m,0.9103260869565216,0.5918367346938775,0.0025,0.9205921938088829,0.6666666666666666,0.0025
freq|gap=2.5|win=50ms|tol=0.4,plaus|win=3|tol=1.5m,0.9013698630136987,0.5918367346938775,0.0025,0.8998628257887518,0.6666666666666666,0.0025
freq|gap=2.5|win=50ms|tol=0.4,plaus|win=5|tol=0.3m,0.8004338394793926,0.7142857142857143,0.3886138613861386,0.8188976377952756,0.7291666666666666,0.32432432432432434
freq|gap=2.5|win=50ms|tol=0.4,plaus|win=5|tol=0.6m,0.9363395225464191,0.5918367346938775,0.0025,0.9421052631578948,0.6666666666666666,0.005
freq|gap=2.5|win=50ms|tol=0.4,plaus|win=5|tol=1.0m,0.9234899328859061,0.5918367346938775,0.0025,0.9292389853137517,0.6666666666666666,0.0025
freq|gap=2.5|win=50ms|tol=0.4,plaus|win=5|tol=1.5m,0.9073569482288828,0.5918367346938775,0.0025,0.9103260869565216,0.6666666666666666,0.0025
freq|gap=2.5|win=50ms|tol=0.4,plaus|win=10|tol=0.3m,0.8597701149425288,0.6530612244897959,0.24,0.8600682593856654,0.7291666666666666,0.2525
freq|gap=2.5|win=50ms|tol=0.4,plaus|win=10|tol=0.6m,0.9447368421052631,0.5918367346938775,0.0025,0.9461235216819974,0.6666666666666666,0.0025
freq|gap=2.5|win=50ms|tol=0.4,plaus|win=10|tol=1.0m,0.9363395225464191,0.5918367346938775,0.0025,0.941952506596306,0.6666666666666666,0.0025
freq|gap=2.5|win=50ms|tol=0.4,plaus|win=10|tol=1.5m,0.9263721552878179,0.5918367346938775,0.0025,0.9278074866310161,0.6666666666666666,0.0025
freq|gap=2.5|win=50ms|tol=0.4,plaus|win=20|tol=0.3m,0.8783216783216784,0.5714285714285714,0.0025,0.8798882681564245,0.6458333333333334,0.0025
freq|gap=2.5|win=50ms|tol=0.4,plaus|win=20|tol=0.6m,0.8767507002801119,0.5714285714285714,0.0025,0.8783216783216784,0.6458333333333334,0.0025
freq|gap=2.5|win=50ms|tol=0.4,plaus|win=20|tol=1.0m,0.8767507002801119,0.5714285714285714,0.0025,0.8783216783216784,0.6458333333333334,0.0025
freq|gap=2.5|win=50ms|tol=0.4,plaus|win=20|tol=1.5m,0.8767507002801119,0.5714285714285714,0.0025,0.8783216783216784,0.6458333333333334,0.0025
freq|gap=2.5|win=50ms|tol=0.6,plaus|win=3|tol=0.3m,0.7939262472885034,0.8163265306122449,0.40487804878048783,0.8026172300981461,0.8125,0.38929440389294406
freq|gap=2.5|win=50ms|tol=0.6,plaus|win=3|tol=0.6m,0.9306666666666666,0.5918367346938775,0.0025,0.937748344370861,0.6666666666666666,0.0025
freq|gap=2.5|win=50ms|tol=0.6,plaus|win=3|tol=1.0m,0.9103260869565216,0.5918367346938775,0.0025,0.9205921938088829,0.6666666666666666,0.0025
freq|gap=2.5|win=50ms|tol=0.6,plaus|win=3|tol=1.5m,0.9013698630136987,0.5918367346938775,0.0025,0.8998628257887518,0.6666666666666666,0.0025
freq|gap=2.5|win=50ms|tol=0.6,plaus|win=5|tol=0.3m,0.8004338394793926,0.7142857142857143,0.3886138613861386,0.8188976377952756,0.7291666666666666,0.32432432432432434
freq|gap=2.5|win=50ms|tol=0.6,plaus|win=5|tol=0.6m,0.9363395225464191,0.5918367346938775,0.0025,0.9421052631578948,0.6666666666666666,0.005
freq|gap=2.5|win=50ms|tol=0.6,plaus|win=5|tol=1.0m,0.9234899328859061,0.5918367346938775,0.0025,0.9292389853137517,0.6666666666666666,0.0025
freq|gap=2.5|win=50ms|tol=0.6,plaus|win=5|tol=1.5m,0.9073569482288828,0.5918367346938775,0.0025,0.9103260869565216,0.6666666666666666,0.0025
freq|gap=2.5|win=50ms|tol=0.6,plaus|win=10|tol=0.3m,0.8597701149425288,0.6530612244897959,0.24,0.8600682593856654,0.7291666666666666,0.2525
freq|gap=2.5|win=50ms|tol=0.6,plaus|win=10|tol=0.6m,0.9447368421052631,0.5918367346938775,0.0025,0.9461235216819974,0.6666666666666666,0.0025
freq|gap=2.5|win=50ms|tol=0.6,plaus|win=10|tol=1.0m,0.9363395225464191,0.5918367346938775,0.0025,0.941952506596306,0.6666666666666666,0.0025
freq|gap=2.5|win=50ms|tol=0.6,plaus|win=10|tol=1.5m,0.9263721552878179,0.5918367346938775,0.0025,0.9278074866310161,0.6666666666666666,0.0025
freq|gap=2.5|win=50ms|tol=0.6,plaus|win=20|tol=0.3m,0.8783216783216784,0.5714285714285714,0.0025,0.8798882681564245,0.6458333333333334,0.0025
freq|gap=2.5|win=50ms|tol=0.6,plaus|win=20|tol=0.6m,0.8767507002801119,0.5714285714285714,0.0025,0.8783216783216784,0.6458333333333334,0.0025
freq|gap=2.5|win=50ms|tol=0.6,plaus|win=20|tol=1.0m,0.8767507002801119,0.5714285714285714,0.0025,0.8783216783216784,0.6458333333333334,0.0025
freq|gap=2.5|win=50ms|tol=0.6,plaus|win=20|tol=1.5m,0.8767507002801119,0.5714285714285714,0.0025,0.8783216783216784,0.6458333333333334,0.0025
freq|gap=2.5|win=100ms|tol=0.2,plaus|win=3|tol=0.3m,0.7939262472885034,0.8163265306122449,0.40487804878048783,0.8026172300981461,0.8125,0.38929440389294406
freq|gap=2.5|win=100ms|tol=0.2,plaus|win=3|tol=0.6m,0.9306666666666666,0.5918367346938775,0.0025,0.937748344370861,0.6666666666666666,0.0025
freq|gap=2.5|win=100ms|tol=0.2,plaus|win=3|tol=1.0m,0.9103260869565216,0.5918367346938775,0.0025,0.9205921938088829,0.6666666666666666,0.0025
freq|gap=2.5|win=100ms|tol=0.2,plaus|win=3|tol=1.5m,0.9013698630136987,0.5918367346938775,0.0025,0.8998628257887518,0.6666666666666666,0.0025
freq|gap=2.5|win=100ms|tol=0.2,plaus|win=5|tol=0.3m,0.8004338394793926,0.7142857142857143,0.3886138613861386,0.8188976377952756,0.7291666666666666,0.32432432432432434
freq|gap=2.5|win=100ms|tol=0.2,plaus|win=5|tol=0.6m,0.9363395225464191,0.5918367346938775,0.0025,0.9421052631578948,0.6666666666666666,0.005
freq|gap=2.5|win=100ms|tol=0.2,plaus|win=5|tol=1.0m,0.9234899328859061,0.5918367346938775,0.0025,0.9292389853137517,0.6666666666666666,0.0025
freq|gap=2.5|win=100ms|tol=0.2,plaus|win=5|tol=1.5m,0.9073569482288828,0.5918367346938775,0.0025,0.9103260869565216,0.6666666666666666,0.0025
freq|gap=2.5|win=100ms|tol=0.2,plaus|win=10|tol=0.3m,0.8597701149425288,0.6530612244897959,0.24,0.8600682593856654,0.7291666666666666,0.2525
freq|gap=2.5|win=100ms|tol=0.2,plaus|win=10|tol=0.6m,0.9447368421052631,0.5918367346938775,0.0025,0.9461235216819974,0.6666666666666666,0.0025
freq|gap=2.5|win=100ms|tol=0.2,plaus|win=10|tol=1.0m,0.9363395225464191,0.5918367346938775,0.0025,0.941952506596306,0.6666666666666666,0.0025
freq|gap=2.5|win=100ms|tol=0.2,plaus|win=10|tol=1.5m,0.9263721552878179,0.5918367346938775,0.0025,0.9278074866310161,0.6666666666666666,0.0025
freq|gap=2.5|win=100ms|tol=0.2,plaus|win=20|tol=0.3m,0.8783216783216784,0.5714285714285714,0.0025,0.8798882681564245,0.6458333333333334,0.0025
freq|gap=2.5|win=100ms|tol=0.2,plaus|win=20|tol=0.6m,0.8767507002801119,0.5714285714285714,0.0025,0.8783216783216784,0.6458333333333334,0.0025
freq|gap=2.5|win=100ms|tol=0.2,plaus|win=20|tol=1.0m,0.8767507002801119,0.5714285714285714,0.0025,0.8783216783216784,0.6458333333333334,0.0025
freq|gap=2.5|win=100ms|tol=0.2,plaus|win=20|tol=1.5m,0.8767507002801119,0.5714285714285714,0.0025,0.8783216783216784,0.6458333333333334,0.0025
freq|gap=2.5|win=100ms|tol=0.4,plaus|win=3|tol=0.3m,0.7939262472885034,0.8163265306122449,0.40487804878048783,0.8026172300981461,0.8125,0.38929440389294406
freq|gap=2.5|win=100ms|tol=0.4,plaus|win=3|tol=0.6m,0.9306666666666666,0.5918367346938775,0.0025,0.937748344370861,0.6666666666666666,0.0025
freq|gap=2.5|win=100ms|tol=0.4,plaus|win=3|tol=1.0m,0.9103260869565216,0.5918367346938775,0.0025,0.9205921938088829,0.6666666666666666,0.0025
freq|gap=2.5|win=100ms|tol=0.4,plaus|win=3|tol=1.5m,0.9013698630136987,0.5918367346938775,0.0025,0.8998628257887518,0.6666666666666666,0.0025
freq|gap=2.5|win=100ms|tol=0.4,plaus|win=5|tol=0.3m,0.8004338394793926,0.7142857142857143,0.3886138613861386,0.8188976377952756,0.7291666666666666,0.32432432432432434
freq|gap=2.5|win=100ms|tol=0.4,plaus|win=5|tol=0.6m,0.9363395225464191,0.5918367346938775,0.0025,0.9421052631578948,0.6666666666666666,0.005
freq|gap=2.5|win=100ms|tol=0.4,plaus|win=5|tol=1.0m,0.9234899328859061,0.5918367346938775,0.0025,0.9292389853137517,0.6666666666666666,0.0025
freq|gap=2.5|win=100ms|tol=0.4,plaus|win=5|tol=1.5m,0.9073569482288828,0.5918367346938775,0.0025,0.9103260869565216,0.6666666666666666,0.0025
freq|gap=2.5|win=100ms|tol=0.4,plaus|win=10|tol=0.3m,0.8597701149425288,0.6530612244897959,0.24,0.8600682593856654,0.7291666666666666,0.2525
freq|gap=2.5|win=100ms|tol=0.4,plaus|win=10|tol=0.6m,0.9447368421052631,0.5918367346938775,0.0025,0.9461235216819974,0.6666666666666666,0.0025
freq|gap=2.5|win=100ms|tol=0.4,plaus|win=10|tol=1.0m,0.9363395225464191,0.5918367346938775,0.0025,0.941952506596306,0.6666666666666666,0.0025
freq|gap=2.5|win=100ms|tol=0.4,plaus|win=10|tol=1.5m,0.9263721552878179,0.5918367346938775,0.0025,0.9278074866310161,0.6666666666666666,0.0025
freq|gap=2.5|win=100ms|tol=0.4,plaus|win=20|tol=0.3m,0.8783216783216784,0.5714285714285714,0.0025,0.8798882681564245,0.6458333333333334,0.0025
freq|gap=2.5|win=100ms|tol=0.4,plaus|win=20|tol=0.6m,0.8767507002801119,0.5714285714285714,0.0025,0.8783216783216784,0.6458333333333334,0.0025
freq|gap=2.5|win=100ms|tol=0.4,plaus|win=20|tol=1.0m,0.8767507002801119,0.5714285714285714,0.0025,0.8783216783216784,0.6458333333333334,0.0025
freq|gap=2.5|win=100ms|tol=0.4,plaus|win=20|tol=1.5m,0.8767507002801119,0.5714285714285714,0.0025,0.8783216783216784,0.6458333333333334,0.0025
freq|gap=2.5|win=100ms|tol=0.6,plaus|win=3|tol=0.3m,0.7939262472885034,0.8163265306122449,0.40487804878048783,0.8026172300981461,0.8125,0.38929440389294406
freq|gap=2.5|win=100ms|tol=0.6,plaus|win=3|tol=0.6m,0.9306666666666666,0.5918367346938775,0.0025,0.937748344370861,0.6666666666666666,0.0025
freq|gap=2.5|win=100ms|tol=0.6,plaus|win=3|tol=1.0m,0.9103260869565216,0.5918367346938775,0.0025,0.9205921938088829,0.6666666666666666,0.0025
freq|gap=2.5|win=100ms|tol=0.6,plaus|win=3|tol=1.5m,0.9013698630136987,0.5918367346938775,0.0025,0.8998628257887518,0.6666666666666666,0.0025
freq|gap=2.5|win=100ms|tol=0.6,plaus|win=5|tol=0.3m,0.8004338394793926,0.7142857142857143,0.3886138613861386,0.8188976377952756,0.7291666666666666,0.32432432432432434
freq|gap=2.5|win=100ms|tol=0.6,plaus|win=5|tol=0.6m,0.9363395225464191,0.5918367346938775,0.0025,0.9421052631578948,0.6666666666666666,0.005
freq|gap=2.5|win=100ms|tol=0.6,plaus|win=5|tol=1.0m,0.9234899328859061,0.5918367346938775,0.0025,0.9292389853137517,0.6666666666666666,0.0025
freq|gap=2.5|win=100ms|tol=0.6,plaus|win=5|tol=1.5m,0.9073569482288828,0.5918367346938775,0.0025,0.9103260869565216,0.6666666666666666,0.0025
freq|gap=2.5|win=100ms|tol=0.6,plaus|win=10|tol=0.3m,0.8597701149425288,0.6530612244897959,0.24,0.8600682593856654,0.7291666666666666,0.2525
freq|gap=2.5|win=100ms|tol=0.6,plaus|win=10|tol=0.6m,0.9447368421052631,0.5918367346938775,0.0025,0.9461235216819974,0.6666666666666666,0.0025
freq|gap=2.5|win=100ms|tol=0.6,plaus|win=10|tol=1.0m,0.9363395225464191,0.5918367346938775,0.0025,0.941952506596306,0.6666666666666666,0.0025
freq|gap=2.5|win=100ms|tol=0.6,plaus|win=10|tol=1.5m,0.9263721552878179,0.5918367346938775,0.0025,0.9278074866310161,0.6666666666666666,0.0025
freq|gap=2.5|win=100ms|tol=0.6,plaus|win=20|tol=0.3m,0.8783216783216784,0.5714285714285714,0.0025,0.8798882681564245,0.6458333333333334,0.0025
freq|gap=2.5|win=100ms|tol=0.6,plaus|win=20|tol=0.6m,0.8767507002801119,0.5714285714285714,0.0025,0.8783216783216784,0.6458333333333334,0.0025
freq|gap=2.5|win=100ms|tol=0.6,plaus|win=20|tol=1.0m,0.8767507002801119,0.5714285714285714,0.0025,0.8783216783216784,0.6458333333333334,0.0025
freq|gap=2.5|win=100ms|tol=0.6,plaus|win=20|tol=1.5m,0.8767507002801119,0.5714285714285714,0.0025,0.8783216783216784,0.6458333333333334,0.0025
freq|gap=2.5|win=200ms|tol=0.2,plaus|win=3|tol=0.3m,0.7939262472885034,0.8163265306122449,0.40487804878048783,0.8026172300981461,0.8125,0.38929440389294406
freq|gap=2.5|win=200ms|tol=0.2,plaus|win=3|tol=0.6m,0.9306666666666666,0.5918367346938775,0.0025,0.937748344370861,0.6666666666666666,0.0025
freq|gap=2.5|win=200ms|tol=0.2,plaus|win=3|tol=1.0m,0.9103260869565216,0.5918367346938775,0.0025,0.9205921938088829,0.6666666666666666,0.0025
freq|gap=2.5|win=200ms|tol=0.2,plaus|win=3|tol=1.5m,0.9013698630136987,0.5918367346938775,0.0025,0.8998628257887518,0.6666666666666666,0.0025
freq|gap=2.5|win=200ms|tol=0.2,plaus|win=5|tol=0.3m,0.8004338394793926,0.7142857142857143,0.3886138613861386,0.8188976377952756,0.7291666666666666,0.32432432432432434
freq|gap=2.5|win=200ms|tol=0.2,plaus|win=5|tol=0.6m,0.9363395225464191,0.5918367346938775,0.0025,0.9421052631578948,0.6666666666666666,0.005
freq|gap=2.5|win=200ms|tol=0.2,plaus|win=5|tol=1.0m,0.9234899328859061,0.5918367346938775,0.0025,0.9292389853137517,0.6666666666666666,0.0025
freq|gap=2.5|win=200ms|tol=0.2,plaus|win=5|tol=1.5m,0.9073569482288828,0.5918367346938775,0.0025,0.9103260869565216,0.6666666666666666,0.0025
freq|gap=2.5|win=200ms|tol=0.2,plaus|win=10|tol=0.3m,0.8597701149425288,0.6530612244897959,0.24,0.8600682593856654,0.7291666666666666,0.2525
freq|gap=2.5|win=200ms|tol=0.2,plaus|win=10|tol=0.6m,0.9447368421052631,0.5918367346938775,0.0025,0.9461235216819974,0.6666666666666666,0.0025
freq|gap=2.5|win=200ms|tol=0.2,plaus|win=10|tol=1.0m,0.9363395225464191,0.5918367346938775,0.0025,0.941952506596306,0.6666666666666666,0.0025
freq|gap=2.5|win=200ms|tol=0.2,plaus|win=10|tol=1.5m,0.9263721552878179,0.5918367346938775,0.0025,0.9278074866310161,0.6666666666666666,0.0025
freq|gap=2.5|win=200ms|tol=0.2,plaus|win=20|tol=0.3m,0.8783216783216784,0.5714285714285714,0.0025,0.8798882681564245,0.6458333333333334,0.0025
freq|gap=2.5|win=200ms|tol=0.2,plaus|win=20|tol=0.6m,0.8767507002801119,0.5714285714285714,0.0025,0.8783216783216784,0.6458333333333334,0.0025
freq|gap=2.5|win=200ms|tol=0.2,plaus|win=20|tol=1.0m,0.8767507002801119,0.5714285714285714,0.0025,0.8783216783216784,0.6458333333333334,0.0025
freq|gap=2.5|win=200ms|tol=0.2,plaus|win=20|tol=1.5m,0.8767507002801119,0.5714285714285714,0.0025,0.8783216783216784,0.6458333333333334,0.0025
freq|gap=2.5|win=200ms|tol=0.4,plaus|win=3|tol=0.3m,0.7939262472885034,0.8163265306122449,0.40487804878048783,0.8026172300981461,0.8125,0.38929440389294406
freq|gap=2.5|win=200ms|tol=0.4,plaus|win=3|tol=0.6m,0.9306666666666666,0.5918367346938775,0.0025,0.937748344370861,0.6666666666666666,0.0025
freq|gap=2.5|win=200ms|tol=0.4,plaus|win=3|tol=1.0m,0.9103260869565216,0.5918367346938775,0.0025,0.9205921938088829,0.6666666666666666,0.0025
freq|gap=2.5|win=200ms|tol=0.4,plaus|win=3|tol=1.5m,0.9013698630136987,0.5918367346938775,0.0025,0.8998628257887518,0.6666666666666666,0.0025
freq|gap=2.5|win=200ms|tol=0.4,plaus|win=5|tol=0.3m,0.8004338394793926,0.7142857142857143,0.3886138613861386,0.8188976377952756,0.7291666666666666,0.32432432432432434
freq|gap=2.5|win=200ms|tol=0.4,plaus|win=5|tol=0.6m,0.9363395225464191,0.5918367346938775,0.0025,0.9421052631578948,0.6666666666666666,0.005
freq|gap=2.5|win=200ms|tol=0.4,plaus|win=5|tol=1.0m,0.9234899328859061,0.5918367346938775,0.0025,0.9292389853137517,0.6666666666666666,0.0025
freq|gap=2.5|win=200ms|tol=0.4,plaus|win=5|tol=1.5m,0.9073569482288828,0.5918367346938775,0.0025,0.9103260869565216,0.6666666666666666,0.0025
freq|gap=2.5|win=200ms|tol=0.4,plaus|win=10|tol=0.3m,0.8597701149425288,0.6530612244897959,0.24,0.8600682593856654,0.7291666666666666,0.2525
freq|gap=2.5|win=200ms|tol=0.4,plaus|win=10|tol=0.6m,0.9447368421052631,0.5918367346938775,0.0025,0.9461235216819974,0.6666666666666666,0.0025
freq|gap=2.5|win=200ms|tol=0.4,plaus|win=10|tol=1.0m,0.9363395225464191,0.5918367346938775,0.0025,0.941952506596306,0.6666666666666666,0.0025
freq|gap=2.5|win=200ms|tol=0.4,plaus|win=10|tol=1.5m,0.9263721552878179,0.5918367346938775,0.0025,0.9278074866310161,0.6666666666666666,0.0025
freq|gap=2.5|win=200ms|tol=0.4,plaus|win=20|tol=0.3m,0.8783216783216784,0.5714285714285714,0.0025,0.8798882681564245,0.6458333333333334,0.0025
freq|gap=2.5|win=200ms|tol=0.4,plaus|win=20|tol=0.6m,0.8767507002801119,0.5714285714285714,0.0025,0.8783216783216784,0.6458333333333334,0.0025
freq|gap=2.5|win=200ms|tol=0.4,plaus|win=20|tol=1.0m,0.8767507002801119,0.5714285714285714,0.0025,0.8783216783216784,0.6458333333333334,0.0025
freq|gap=2.5|win=200ms|tol=0.4,plaus|win=20|tol=1.5m,0.8767507002801119,0.5714285714285714,0.0025,0.8783216783216784,0.6458333333333334,0.0025
freq|gap=2.5|win=200ms|tol=0.6,plaus|win=3|tol=0.3m,0.7939262472885034,0.8163265306122449,0.40487804878048783,0.8026172300981461,0.8125,0.38929440389294406
freq|gap=2.5|win=200ms|tol=0.6,plaus|win=3|tol=0.6m,0.9306666666666666,0.5918367346938775,0.0025,0.937748344370861,0.6666666666666666,0.0025
freq|gap=2.5|win=200ms|tol=0.6,plaus|win=3|tol=1.0m,0.9103260869565216,0.5918367346938775,0.0025,0.9205921938088829,0.6666666666666666,0.0025
freq|gap=2.5|win=200ms|tol=0.6,plaus|win=3|tol=1.5m,0.9013698630136987,0.5918367346938775,0.0025,0.8998628257887518,0.6666666666666666,0.0025
freq|gap=2.5|win=200ms|tol=0.6,plaus|win=5|tol=0.3m,0.8004338394793926,0.7142857142857143,0.3886138613861386,0.8188976377952756,0.7291666666666666,0.32432432432432434
freq|gap=2.5|win=200ms|tol=0.6,plaus|win=5|tol=0.6m,0.9363395225464191,0.5918367346938775,0.0025,0.9421052631578948,0.6666666666666666,0.005
freq|gap=2.5|win=200ms|tol=0.6,plaus|win=5|tol=1.0m,0.9234899328859061,0.5918367346938775,0.0025,0.9292389853137517,0.6666666666666666,0.0025
freq|gap=2.5|win=200ms|tol=0.6,plaus|win=5|tol=1.5m,0.9073569482288828,0.5918367346938775,0.0025,0.9103260869565216,0.6666666666666666,0.0025
freq|gap=2.5|win=200ms|tol=0.6,plaus|win=10|tol=0.3m,0.8597701149425288,0.6530612244897959,0.24,0.8600682593856654,0.7291666666666666,0.2525
freq|gap=2.5|win=200ms|tol=0.6,plaus|win=10|tol=0.6m,0.9447368421052631,0.5918367346938775,0.0025,0.9461235216819974,0.6666666666666666,0.0025
freq|gap=2.5|win=200ms|tol=0.6,plaus|win=10|tol=1.0m,0.9363395225464191,0.5918367346938775,0.0025,0.941952506596306,0.6666666666666666,0.0025
freq|gap=2.5|win=200ms|tol=0.6,plaus|win=10|tol=1.5m,0.9263721552878179,0.5918367346938775,0.0025,0.9278074866310161,0.6666666666666666,0.0025
freq|gap=2.5|win=200ms|tol=0.6,plaus|win=20|tol=0.3m,0.8783216783216784,0.5714285714285714,0.0025,0.8798882681564245,0.6458333333333334,0.0025
freq|gap=2.5|win=200ms|tol=0.6,plaus|win=20|tol=0.6m,0.8767507002801119,0.5714285714285714,0.0025,0.8783216783216784,0.6458333333333334,0.0025
freq|gap=2.5|win=200ms|tol=0.6,plaus|win=20|tol=1.0m,0.8767507002801119,0.5714285714285714,0.0025,0.8783216783216784,0.6458333333333334,0.0025
freq|gap=2.5|win=200ms|tol=0.6,plaus|win=20|tol=1.5m,0.8767507002801119,0.5714285714285714,0.0025,0.8783216783216784,0.6458333333333334,0.0025
freq|gap=2.5|win=400ms|tol=0.2,plaus|win=3|tol=0.3m,0.7939262472885034,0.8163265306122449,0.40487804878048783,0.8026172300981461,0.8125,0.38929440389294406
freq|gap=2.5|win=400ms|tol=0.2,plaus|win=3|tol=0.6m,0.9306666666666666,0.5918367346938775,0.0025,0.937748344370861,0.6666666666666666,0.0025
freq|gap=2.5|win=400ms|tol=0.2,plaus|win=3|tol=1.0m,0.9103260869565216,0.5918367346938775,0.0025,0.9205921938088829,0.6666666666666666,0.0025
freq|gap=2.5|win=400ms|tol=0.2,plaus|win=3|tol=1.5m,0.9013698630136987,0.5918367346938775,0.0025,0.8998628257887518,0.6666666666666666,0.0025
freq|gap=2.5|win=400ms|tol=0.2,plaus|win=5|tol=0.3m,0.8004338394793926,0.7142857142857143,0.3886138613861386,0.8188976377952756,0.7291666666666666,0.32432432432432434
freq|gap=2.5|win=400ms|tol=0.2,plaus|win=5|tol=0.6m,0.9363395225464191,0.5918367346938775,0.0025,0.9421052631578948,0.6666666666666666,0.005
freq|gap=2.5|win=400ms|tol=0.2,plaus|win=5|tol=1.0m,0.9234899328859061,0.5918367346938775,0.0025,0.9292389853137517,0.6666666666666666,0.0025
freq|gap=2.5|win=400ms|tol=0.2,plaus|win=5|tol=1.5m,0.9073569482288828,0.5918367346938775,0.0025,0.9103260869565216,0.6666666666666666,0.0025
freq|gap=2.5|win=400ms|tol=0.2,plaus|win=10|tol=0.3m,0.8597701149425288,0.6530612244897959,0.24,0.8600682593856654,0.7291666666666666,0.2525
freq|gap=2.5|win=400ms|tol=0.2,plaus|win=10|tol=0.6m,0.9447368421052631,0.5918367346938775,0.0025,0.9461235216819974,0.6666666666666666,0.0025
freq|gap=2.5|win=400ms|tol=0.2,plaus|win=10|tol=1.0m,0.9363395225464191,0.5918367346938775,0.0025,0.941952506596306,0.6666666666666666,0.0025
freq|gap=2.5|win=400ms|tol=0.2,plaus|win=10|tol=1.5m,0.9263721552878179,0.5918367346938775,0.0025,0.9278074866310161,0.6666666666666666,0.0025
freq|gap=2.5|win=400ms|tol=0.2,plaus|win=20|tol=0.3m,0.8783216783216784,0.5714285714285714,0.0025,0.8798882681564245,0.6458333333333334,0.0025
freq|gap=2.5|win=400ms|tol=0.2,plaus|win=20|tol=0.6m,0.8767507002801119,0.5714285714285714,0.0025,0.8783216783216784,0.6458333333333334,0.0025
freq|gap=2.5|win=400ms|tol=0.2,plaus|win=20|tol=1.0m,0.8767507002801119,0.5714285714285714,0.0025,0.8783216783216784,0.6458333333333334,0.0025
freq|gap=2.5|win=400ms|tol=0.2,plaus|win=20|tol=1.5m,0.8767507002801119,0.5714285714285714,0.0025,0.8783216783216784,0.6458333333333334,0.0025
freq|gap=2.5|win=400ms|tol=0.4,plaus|win=3|tol=0.3m,0.7939262472885034,0.8163265306122449,0.40487804878048783,0.8026172300981461,0.8125,0.38929440389294406
freq|gap=2.5|win=400ms|tol=0.4,plaus|win=3|tol=0.6m,0.9306666666666666,0.5918367346938775,0.0025,0.937748344370861,0.6666666666666666,0.0025
freq|gap=2.5|win=400ms|tol=0.4,plaus|win=3|tol=1.0m,0.9103260869565216,0.5918367346938775,0.0025,0.9205921938088829,0.6666666666666666,0.0025
freq|gap=2.5|win=400ms|tol=0.4,plaus|win=3|tol=1.5m,0.9013698630136987,0.5918367346938775,0.0025,0.8998628257887518,0.6666666666666666,0.0025
freq|gap=2.5|win=400ms|tol=0.4,plaus|win=5|tol=0.3m,0.8004338394793926,0.7142857142857143,0.3886138613861386,0.8188976377952756,0.7291666666666666,0.32432432432432434
freq|gap=2.5|win=400ms|tol=0.4,plaus|win=5|tol=0.6m,0.9363395225464191,0.5918367346938775,0.0025,0.9421052631578948,0.6666666666666666,0.005
freq|gap=2.5|win=400ms|tol=0.4,plaus|win=5|tol=1.0m,0.9234899328859061,0.5918367346938775,0.0025,0.9292389853137517,0.6666666666666666,0.0025
freq|gap=2.5|win=400ms|tol=0.4,plaus|win=5|tol=1.5m,0.9073569482288828,0.5918367346938775,0.0025,0.9103260869565216,0.6666666666666666,0.0025
freq|gap=2.5|win=400ms|tol=0.4,plaus|win=10|tol=0.3m,0.8597701149425288,0.6530612244897959,0.24,0.8600682593856654,0.7291666666666666,0.2525
freq|gap=2.5|win=400ms|tol=0.4,plaus|win=10|tol=0.6m,0.9447368421052631,0.5918367346938775,0.0025,0.9461235216819974,0.6666666666666666,0.0025
freq|gap=2.5|win=400ms|tol=0.4,plaus|win=10|tol=1.0m,0.9363395225464191,0.5918367346938775,0.0025,0.941952506596306,0.6666666666666666,0.0025
freq|gap=2.5|win=400ms|tol=0.4,plaus|win=10|tol=1.5m,0.9263721552878179,0.5918367346938775,0.0025,0.9278074866310161,0.6666666666666666,0.0025
freq|gap=2.5|win=400ms|tol=0.4,plaus|win=20|tol=0.3m,0.8783216783216784,0.5714285714285714,0.0025,0.8798882681564245,0.6458333333333334,0.0025
freq|gap=2.5|win=400ms|tol=0.4,plaus|win=20|tol=0.6m,0.8767507002801119,0.5714285714285714,0.0025,0.8783216783216784,0.6458333333333334,0.0025
freq|gap=2.5|win=400ms|tol=0.4,plaus|win=20|tol=1.0m,0.8767507002801119,0.5714285714285714,0.0025,0.8783216783216784,0.6458333333333334,0.0025
freq|gap=2.5|win=400ms|tol=0.4,plaus|win=20|tol=1.5m,0.8767507002801119,0.5714285714285714,0.0025,0.8783216783216784,0.6458333333333334,0.0025
freq|gap=2.5|win=400ms|tol=0.6,plaus|win=3|tol=0.3m,0.7939262472885034,0.8163265306122449,0.40487804878048783,0.8026172300981461,0.8125,0.38929440389294406
freq|gap=2.5|win=400ms|tol=0.6,plaus|win=3|tol=0.6m,0.9306666666666666,0.5918367346938775,0.0025,0.937748344370861,0.6666666666666666,0.0025
freq|gap=2.5|win=400ms|tol=0.6,plaus|win=3|tol=1.0m,0.9103260869565216,0.5918367346938775,0.0025,0.9205921938088829,0.6666666666666666,0.0025
freq|gap=2.5|win=400ms|tol=0.6,plaus|win=3|tol=1.5m,0.9013698630136987,0.5918367346938775,0.0025,0.8998628257887518,0.6666666666666666,0.0025
freq|gap=2.5|win=400ms|tol=0.6,plaus|win=5|tol=0.3m,0.8004338394793926,0.7142857142857143,0.3886138613861386,0.8188976377952756,0.7291666666666666,0.32432432432432434
freq|gap=2.5|win=400ms|tol=0.6,plaus|win=5|tol=0.6m,0.9363395225464191,0.5918367346938775,0.0025,0.9421052631578948,0.6666666666666666,0.005
freq|gap=2.5|win=400ms|tol=0.6,plaus|win=5|tol=1.0m,0.9234899328859061,0.5918367346938775,0.0025,0.9292389853137517,0.6666666666666666,0.0025
freq|gap=2.5|win=400ms|tol=0.6,plaus|win=5|tol=1.5m,0.9073569482288828,0.5918367346938775,0.0025,0.9103260869565216,0.6666666666666666,0.0025
freq|gap=2.5|win=400ms|tol=0.6,plaus|win=10|tol=0.3m,0.8597701149425288,0.6530612244897959,0.24,0.8600682593856654,0.7291666666666666,0.2525
freq|gap=2.5|win=400ms|tol=0.6,plaus|win=10|tol=0.6m,0.9447368421052631,0.5918367346938775,0.0025,0.9461235216819974,0.6666666666666666,0.0025
freq|gap=2.5|win=400ms|tol=0.6,plaus|win=10|tol=1.0m,0.9363395225464191,0.5918367346938775,0.0025,0.941952506596306,0.6666666666666666,0.0025
freq|gap=2.5|win=400ms|tol=0.6,plaus|win=10|tol=1.5m,0.9263721552878179,0.5918367346938775,0.0025,0.9278074866310161,0.6666666666666666,0.0025
freq|gap=2.5|win=400ms|tol=0.6,plaus|win=20|tol=0.3m,0.8783216783216784,0.5714285714285714,0.0025,0.8798882681564245,0.6458333333333334,0.0025
freq|gap=2.5|win=400ms|tol=0.6,plaus|win=20|tol=0.6m,0.8767507002801119,0.5714285714285714,0.0025,0.8783216783216784,0.6458333333333334,0.0025
freq|gap=2.5|win=400ms|tol=0.6,plaus|win=20|tol=1.0m,0.8767507002801119,0.5714285714285714,0.0025,0.8783216783216784,0.6458333333333334,0.0025
freq|gap=2.5|win=400ms|tol=0.6,plaus|win=20|tol=1.5m,0.8767507002801119,0.5714285714285714,0.0025,0.8783216783216784,0.6458333333333334,0.0025
freq|gap=4.0|win=50ms|tol=0.2,plaus|win=3|tol=0.3m,0.7926167209554831,0.8163265306122449,0.40487804878048783,0.8026172300981461,0.8125,0.38929440389294406
freq|gap=4.0|win=50ms|tol=0.2,plaus|win=3|tol=0.6m,0.9292389853137517,0.5918367346938775,0.0025,0.9363395225464191,0.6666666666666666,0.0025
freq|gap=4.0|win=50ms|tol=0.2,plaus|win=3|tol=1.0m,0.9088435374149659,0.5918367346938775,0.0025,0.9191374663072777,0.6666666666666666,0.0025
freq|gap=4.0|win=50ms|tol=0.2,plaus|win=3|tol=1.5m,0.8998628257887518,0.5918367346938775,0.0025,0.8983516483516484,0.6666666666666666,0.0025
freq|gap=4.0|win=50ms|tol=0.2,plaus|win=5|tol=0.3m,0.7991313789359392,0.7142857142857143,0.3886138613861386,0.8175675675675674,0.7291666666666666,0.32432432432432434
freq|gap=4.0|win=50ms|tol=0.2,plaus|win=5|tol=0.6m,0.9349269588313412,0.5918367346938775,0.0025,0.9407114624505929,0.6666666666666666,0.005
freq|gap=4.0|win=50ms|tol=0.2,plaus|win=5|tol=1.0m,0.9220430107526881,0.5918367346938775,0.0025,0.9278074866310161,0.6666666666666666,0.0025
freq|gap=4.0|win=50ms|tol=0.2,plaus|win=5|tol=1.5m,0.9058663028649386,0.5918367346938775,0.0025,0.9088435374149659,0.6666666666666666,0.0025
freq|gap=4.0|win=50ms|tol=0.2,plaus|win=10|tol=0.3m,0.858457997698504,0.6530612244897959,0.24,0.8587699316628702,0.7291666666666666,0.2525
freq|gap=4.0|win=50ms|tol=0.2,plaus|win=10|tol=0.6m,0.9433465085638999,0.5918367346938775,0.0025,0.9447368421052631,0.6666666666666666,0.0025
freq|gap=4.0|win=50ms|tol=0.2,plaus|win=10|tol=1.0m,0.9349269588313412,0.5918367346938775,0.0025,0.940554821664465,0.6666666666666666,0.0025
freq|gap=4.0|win=50ms|tol=0.2,plaus|win=10|tol=1.5m,0.9249329758713137,0.5918367346938775,0.0025,0.9263721552878179,0.6666666666666666,0.0025
freq|gap=4.0|win=50ms|tol=0.2,plaus|win=20|tol=0.3m,0.8767507002801119,0.5714285714285714,0.0025,0.8783216783216784,0.6458333333333334,0.0025
freq|gap=4.0|win=50ms|tol=0.2,plaus|win=20|tol=0.6m,0.8751753155680224,0.5714285714285714,0.0025,0.8767507002801119,0.6458333333333334,0.0025
freq|gap=4.0|win=50ms|tol=0.2,plaus|win=20|tol=1.0m,0.8751753155680224,0.5714285714285714,0.0025,0.8767507002801119,0.6458333333333334,0.0025
freq|gap=4.0|win=50ms|tol=0.2,plaus|win=20|tol=1.5m,0.8751753155680224,0.5714285714285714,0.0025,0.8767507002801119,0.6458333333333334,0.0025
freq|gap=4.0|win=50ms|tol=0.4,plaus|win=3|tol=0.3m,0.7899891186071818,0.8163265306122449,0.40487804878048783,0.8,0.8125,0.38929440389294406
freq|gap=4.0|win=50ms|tol=0.4,plaus|win=3|tol=0.6m,0.9263721552878179,0.5918367346938775,0.0025,0.9335106382978724,0.6666666666666666,0.0025
freq|gap=4.0|win=50ms|tol=0.4,plaus|win=3|tol=1.0m,0.9058663028649386,0.5918367346938775,0.0025,0.9162162162162162,0.6666666666666666,0.0025
freq|gap=4.0|win=50ms|tol=0.4,plaus|win=3|tol=1.5m,0.8968363136176065,0.5918367346938775,0.0025,0.8953168044077134,0.6666666666666666,0.0025
freq|gap=4.0|win=50ms|tol=0.4,plaus|win=5|tol=0.3m,0.7965179542981501,0.7142857142857143,0.3886138613861386,0.8162344983089064,0.7291666666666666,0.32432432432432434
freq|gap=4.0|win=50ms|tol=0.4,plaus|win=5|tol=0.6m,0.9320905459387483,0.5918367346938775,0.0025,0.9379128137384412,0.6666666666666666,0.005
freq|gap=4.0|win=50ms|tol=0.4,plaus|win=5|tol=1.0m,0.9191374663072777,0.5918367346938775,0.0025,0.9249329758713137,0.6666666666666666,0.0025
freq|gap=4.0|win=50ms|tol=0.4,plaus|win=5|tol=1.5m,0.9028727770177838,0.5918367346938775,0.0025,0.9058663028649386,0.6666666666666666,0.0025
freq|gap=4.0|win=50ms|tol=0.4,plaus|win=10|tol=0.3m,0.8558246828143022,0.6530612244897959,0.24,0.8561643835616439,0.7291666666666666,0.2525
freq|gap=4.0|win=50ms|tol=0.4,plaus|win=10|tol=0.6m,0.940554821664465,0.5918367346938775,0.0025,0.941952506596306,0.6666666666666666,0.0025
freq|gap=4.0|win=50ms|tol=0.4,plaus|win=10|tol=1.0m,0.9320905459387483,0.5918367346938775,0.0025,0.937748344370861,0.6666666666666666,0.0025
freq|gap=4.0|win=50ms|tol=0.4,plaus|win=10|tol=1.5m,0.9220430107526881,0.5918367346938775,0.0025,0.9234899328859061,0.6666666666666666,0.0025
freq|gap=4.0|win=50ms|tol=0.4,plaus|win=20|tol=0.3m,0.8735955056179776,0.5714285714285714,0.0025,0.8751753155680224,0.6458333333333334,0.0025
freq|gap=4.0|win=50ms|tol=0.4,plaus|win=20|tol=0.6m,0.8720112517580871,0.5714285714285714,0.0025,0.8735955056179776,0.6458333333333334,0.0025
freq|gap=4.0|win=50ms|tol=0.4,plaus|win=20|tol=1.0m,0.8720112517580871,0.5714285714285714,0.0025,0.8735955056179776,0.6458333333333334,0.0025
freq|gap=4.0|win=50ms|tol=0.4,plaus|win=20|tol=1.5m,0.8720112517580871,0.5714285714285714,0.0025,0.8735955056179776,0.6458333333333334,0.0025
freq|gap=4.0|win=50ms|tol=0.6,plaus|win=3|tol=0.3m,0.7899891186071818,0.8163265306122449,0.40487804878048783,0.8,0.8125,0.38929440389294406
freq|gap=4.0|win=50ms|tol=0.6,plaus|win=3|tol=0.6m,0.9263721552878179,0.5918367346938775,0.0025,0.9335106382978724,0.6666666666666666,0.0025
freq|gap=4.0|win=50ms|tol=0.6,plaus|win=3|tol=1.0m,0.9058663028649386,0.5918367346938775,0.0025,0.9162162162162162,0.6666666666666666,0.0025
freq|gap=4.0|win=50ms|tol=0.6,plaus|win=3|tol=1.5m,0.8968363136176065,0.5918367346938775,0.0025,0.8953168044077134,0.6666666666666666,0.0025
freq|gap=4.0|win=50ms|tol=0.6,plaus|win=5|tol=0.3m,0.7965179542981501,0.7142857142857143,0.3886138613861386,0.8162344983089064,0.7291666666666666,0.32432432432432434
freq|gap=4.0|win=50ms|tol=0.6,plaus|win=5|tol=0.6m,0.9320905459387483,0.5918367346938775,0.0025,0.9379128137384412,0.6666666666666666,0.005
freq|gap=4.0|win=50ms|tol=0.6,plaus|win=5|tol=1.0m,0.9191374663072777,0.5918367346938775,0.0025,0.9249329758713137,0.6666666666666666,0.0025
freq|gap=4.0|win=50ms|tol=0.6,plaus|win=5|tol=1.5m,0.9028727770177838,0.5918367346938775,0.0025,0.9058663028649386,0.6666666666666666,0.0025
freq|gap=4.0|win=50ms|tol=0.6,plaus|win=10|tol=0.3m,0.8558246828143022,0.6530612244897959,0.24,0.8561643835616439,0.7291666666666666,0.2525
freq|gap=4.0|win=50ms|tol=0.6,plaus|win=10|tol=0.6m,0.940554821664465,0.5918367346938775,0.0025,0.941952506596306,0.6666666666666666,0.0025
freq|gap=4.0|win=50ms|tol=0.6,plaus|win=10|tol=1.0m,0.9320905459387483,0.5918367346938775,0.0025,0.937748344370861,0.6666666666666666,0.0025
freq|gap=4.0|win=50ms|tol=0.6,plaus|win=10|tol=1.5m,0.9220430107526881,0.5918367346938775,0.0025,0.9234899328859061,0.6666666666666666,0.0025
freq|gap=4.0|win=50ms|tol=0.6,plaus|win=20|tol=0.3m,0.8735955056179776,0.5714285714285714,0.0025,0.8751753155680224,0.6458333333333334,0.0025
freq|gap=4.0|win=50ms|tol=0.6,plaus|win=20|tol=0.6m,0.8720112517580871,0.5714285714285714,0.0025,0.8735955056179776,0.6458333333333334,0.0025
freq|gap=4.0|win=50ms|tol=0.6,plaus|win=20|tol=1.0m,0.8720112517580871,0.5714285714285714,0.0025,0.8735955056179776,0.6458333333333334,0.0025
freq|gap=4.0|win=50ms|tol=0.6,plaus|win=20|tol=1.5m,0.8720112517580871,0.5714285714285714,0.0025,0.8735955056179776,0.6458333333333334,0.0025
freq|gap=4.0|win=100ms|tol=0.2,plaus|win=3|tol=0.3m,0.7899891186071818,0.8163265306122449,0.40487804878048783,0.8,0.8125,0.38929440389294406
freq|gap=4.0|win=100ms|tol=0.2,plaus|win=3|tol=0.6m,0.9263721552878179,0.5918367346938775,0.0025,0.9335106382978724,0.6666666666666666,0.0025
freq|gap=4.0|win=100ms|tol=0.2,plaus|win=3|tol=1.0m,0.9058663028649386,0.5918367346938775,0.0025,0.9162162162162162,0.6666666666666666,0.0025
freq|gap=4.0|win=100ms|tol=0.2,plaus|win=3|tol=1.5m,0.8968363136176065,0.5918367346938775,0.0025,0.8953168044077134,0.6666666666666666,0.0025
freq|gap=4.0|win=100ms|tol=0.2,plaus|win=5|tol=0.3m,0.7965179542981501,0.7142857142857143,0.3886138613861386,0.8162344983089064,0.7291666666666666,0.32432432432432434
freq|gap=4.0|win=100ms|tol=0.2,plaus|win=5|tol=0.6m,0.9320905459387483,0.5918367346938775,0.0025,0.9379128137384412,0.6666666666666666,0.005
freq|gap=4.0|win=100ms|tol=0.2,plaus|win=5|tol=1.0m,0.9191374663072777,0.5918367346938775,0.0025,0.9249329758713137,0.6666666666666666,0.0025
freq|gap=4.0|win=100ms|tol=0.2,plaus|win=5|tol=1.5m,0.9028727770177838,0.5918367346938775,0.0025,0.9058663028649386,0.6666666666666666,0.0025
freq|gap=4.0|win=100ms|tol=0.2,plaus|win=10|tol=0.3m,0.8558246828143022,0.6530612244897959,0.24,0.8561643835616439,0.7291666666666666,0.2525
freq|gap=4.0|win=100ms|tol=0.2,plaus|win=10|tol=0.6m,0.940554821664465,0.5918367346938775,0.0025,0.941952506596306,0.6666666666666666,0.0025
freq|gap=4.0|win=100ms|tol=0.2,plaus|win=10|tol=1.0m,0.9320905459387483,0.5918367346938775,0.0025,0.937748344370861,0.6666666666666666,0.0025
freq|gap=4.0|win=100ms|tol=0.2,plaus|win=10|tol=1.5m,0.9220430107526881,0.5918367346938775,0.0025,0.9234899328859061,0.6666666666666666,0.0025
freq|gap=4.0|win=100ms|tol=0.2,plaus|win=20|tol=0.3m,0.8735955056179776,0.5714285714285714,0.0025,0.8751753155680224,0.6458333333333334,0.0025
freq|gap=4.0|win=100ms|tol=0.2,plaus|win=20|tol=0.6m,0.8720112517580871,0.5714285714285714,0.0025,0.8735955056179776,0.6458333333333334,0.0025
freq|gap=4.0|win=100ms|tol=0.2,plaus|win=20|tol=1.0m,0.8720112517580871,0.5714285714285714,0.0025,0.8735955056179776,0.6458333333333334,0.0025
freq|gap=4.0|win=100ms|tol=0.2,plaus|win=20|tol=1.5m,0.8720112517580871,0.5714285714285714,0.0025,0.8735955056179776,0.6458333333333334,0.0025
freq|gap=4.0|win=100ms|tol=0.4,plaus|win=3|tol=0.3m,0.7899891186071818,0.8163265306122449,0.40487804878048783,0.8,0.8125,0.38929440389294406
freq|gap=4.0|win=100ms|tol=0.4,plaus|win=3|tol=0.6m,0.9263721552878179,0.5918367346938775,0.0025,0.9335106382978724,0.6666666666666666,0.0025
freq|gap=4.0|win=100ms|tol=0.4,plaus|win=3|tol=1.0m,0.9058663028649386,0.5918367346938775,0.0025,0.9162162162162162,0.6666666666666666,0.0025
freq|gap=4.0|win=100ms|tol=0.4,plaus|win=3|tol=1.5m,0.8968363136176065,0.5918367346938775,0.0025,0.8953168044077134,0.6666666666666666,0.0025
freq|gap=4.0|win=100ms|tol=0.4,plaus|win=5|tol=0.3m,0.7965179542981501,0.7142857142857143,0.3886138613861386,0.8162344983089064,0.7291666666666666,0.32432432432432434
freq|gap=4.0|win=100ms|tol=0.4,plaus|win=5|tol=0.6m,0.9320905459387483,0.5918367346938775,0.0025,0.9379128137384412,0.6666666666666666,0.005
freq|gap=4.0|win=100ms|tol=0.4,plaus|win=5|tol=1.0m,0.9191374663072777,0.5918367346938775,0.0025,0.9249329758713137,0.6666666666666666,0.0025
freq|gap=4.0|win=100ms|tol=0.4,plaus|win=5|tol=1.5m,0.9028727770177838,0.5918367346938775,0.0025,0.9058663028649386,0.6666666666666666,0.0025
freq|gap=4.0|win=100ms|tol=0.4,plaus|win=10|tol=0.3m,0.8558246828143022,0.6530612244897959,0.24,0.8561643835616439,0.7291666666666666,0.2525
freq|gap=4.0|win=100ms|tol=0.4,plaus|win=10|tol=0.6m,0.940554821664465,0.5918367346938775,0.0025,0.941952506596306,0.6666666666666666,0.0025
freq|gap=4.0|win=100ms|tol=0.4,plaus|win=10|tol=1.0m,0.9320905459387483,0.5918367346938775,0.0025,0.937748344370861,0.6666666666666666,0.0025
freq|gap=4.0|win=100ms|tol=0.4,plaus|win=10|tol=1.5m,0.9220430107526881,0.5918367346938775,0.0025,0.9234899328859061,0.6666666666666666,0.0025
freq|gap=4.0|win=100ms|tol=0.4,plaus|win=20|tol=0.3m,0.8735955056179776,0.5714285714285714,0.0025,0.8751753155680224,0.6458333333333334,0.0025
freq|gap=4.0|win=100ms|tol=0.4,plaus|win=20|tol=0.6m,0.8720112517580871,0.5714285714285714,0.0025,0.8735955056179776,0.6458333333333334,0.0025
freq|gap=4.0|win=100ms|tol=0.4,plaus|win=20|tol=1.0m,0.8720112517580871,0.5714285714285714,0.0025,0.8735955056179776,0.6458333333333334,0.0025
freq|gap=4.0|win=100ms|tol=0.4,plaus|win=20|tol=1.5m,0.8720112517580871,0.5714285714285714,0.0025,0.8735955056179776,0.6458333333333334,0.0025
freq|gap=4.0|win=100ms|tol=0.6,plaus|win=3|tol=0.3m,0.7899891186071818,0.8163265306122449,0.40487804878048783,0.8,0.8125,0.38929440389294406
freq|gap=4.0|win=100ms|tol=0.6,plaus|win=3|tol=0.6m,0.9263721552878179,0.5918367346938775,0.0025,0.9335106382978724,0.6666666666666666,0.0025
freq|gap=4.0|win=100ms|tol=0.6,plaus|win=3|tol=1.0m,0.9058663028649386,0.5918367346938775,0.0025,0.9162162162162162,0.6666666666666666,0.0025
freq|gap=4.0|win=100ms|tol=0.6,plaus|win=3|tol=1.5m,0.8968363136176065,0.5918367346938775,0.0025,0.8953168044077134,0.6666666666666666,0.0025
freq|gap=4.0|win=100ms|tol=0.6,plaus|win=5|tol=0.3m,0.7965179542981501,0.7142857142857143,0.3886138613861386,0.8162344983089064,0.7291666666666666,0.32432432432432434
freq|gap=4.0|win=100ms|tol=0.6,plaus|win=5|tol=0.6m,0.9320905459387483,0.5918367346938775,0.0025,0.9379128137384412,0.6666666666666666,0.005
freq|gap=4.0|win=100ms|tol=0.6,plaus|win=5|tol=1.0m,0.9191374663072777,0.5918367346938775,0.0025,0.9249329758713137,0.6666666666666666,0.0025
freq|gap=4.0|win=100ms|tol=0.6,plaus|win=5|tol=1.5m,0.9028727770177838,0.5918367346938775,0.0025,0.9058663028649386,0.6666666666666666,0.0025
freq|gap=4.0|win=100ms|tol=0.6,plaus|win=10|tol=0.3m,0.8558246828143022,0.6530612244897959,0.24,0.8561643835616439,0.7291666666666666,0.2525
freq|gap=4.0|win=100ms|tol=0.6,plaus|win=10|tol=0.6m,0.940554821664465,0.5918367346938775,0.0025,0.941952506596306,0.6666666666666666,0.0025
freq|gap=4.0|win=100ms|tol=0.6,plaus|win=10|tol=1.0m,0.9320905459387483,0.5918367346938775,0.0025,0.937748344370861,0.6666666666666666,0.0025
freq|gap=4.0|win=100ms|tol=0.6,plaus|win=10|tol=1.5m,0.9220430107526881,0.5918367346938775,0.0025,0.9234899328859061,0.6666666666666666,0.0025
freq|gap=4.0|win=100ms|tol=0.6,plaus|win=20|tol=0.3m,0.8735955056179776,0.5714285714285714,0.0025,0.8751753155680224,0.6458333333333334,0.0025
freq|gap=4.0|win=100ms|tol=0.6,plaus|win=20|tol=0.6m,0.8720112517580871,0.5714285714285714,0.0025,0.8735955056179776,0.6458333333333334,0.0025
freq|gap=4.0|win=100ms|tol=0.6,plaus|win=20|tol=1.0m,0.8720112517580871,0.5714285714285714,0.0025,0.8735955056179776,0.6458333333333334,0.0025
freq|gap=4.0|win=100ms|tol=0.6,plaus|win=20|tol=1.5m,0.8720112517580871,0.5714285714285714,0.0025,0.8735955056179776,0.6458333333333334,0.0025
freq|gap=4.0|win=200ms|tol=0.2,plaus|win=3|tol=0.3m,0.7899891186071818,0.8163265306122449,0.40487804878048783,0.8,0.8125,0.38929440389294406
freq|gap=4.0|win=200ms|tol=0.2,plaus|win=3|tol=0.6m,0.9263721552878179,0.5918367346938775,0.0025,0.9335106382978724,0.6666666666666666,0.0025
freq|gap=4.0|win=200ms|tol=0.2,plaus|win=3|tol=1.0m,0.9058663028649386,0.5918367346938775,0.0025,0.9162162162162162,0.6666666666666666,0.0025
freq|gap=4.0|win=200ms|tol=0.2,plaus|win=3|tol=1.5m,0.8968363136176065,0.5918367346938775,0.0025,0.8953168044077134,0.6666666666666666,0.0025
freq|gap=4.0|win=200ms|tol=0.2,plaus|win=5|tol=0.3m,0.7965179542981501,0.7142857142857143,0.3886138613861386,0.8162344983089064,0.7291666666666666,0.32432432432432434
freq|gap=4.0|win=200ms|tol=0.2,plaus|win=5|tol=0.6m,0.9320905459387483,0.5918367346938775,0.0025,0.9379128137384412,0.6666666666666666,0.005
freq|gap=4.0|win=200ms|tol=0.2,plaus|win=5|tol=1.0m,0.9191374663072777,0.5918367346938775,0.0025,0.9249329758713137,0.6666666666666666,0.0025
freq|gap=4.0|win=200ms|tol=0.2,plaus|win=5|tol=1.5m,0.9028727770177838,0.5918367346938775,0.0025,0.9058663028649386,0.6666666666666666,0.0025
freq|gap=4.0|win=200ms|tol=0.2,plaus|win=10|tol=0.3m,0.8558246828143022,0.6530612244897959,0.24,0.8561643835616439,0.7291666666666666,0.2525
freq|gap=4.0|win=200ms|tol=0.2,plaus|win=10|tol=0.6m,0.940554821664465,0.5918367346938775,0.0025,0.941952506596306,0.6666666666666666,0.0025
freq|gap=4.0|win=200ms|tol=0.2,plaus|win=10|tol=1.0m,0.9320905459387483,0.5918367346938775,0.0025,0.937748344370861,0.6666666666666666,0.0025
freq|gap=4.0|win=200ms|tol=0.2,plaus|win=10|tol=1.5m,0.9220430107526881,0.5918367346938775,0.0025,0.9234899328859061,0.6666666666666666,0.0025
freq|gap=4.0|win=200ms|tol=0.2,plaus|win=20|tol=0.3m,0.8735955056179776,0.5714285714285714,0.0025,0.8751753155680224,0.6458333333333334,0.0025
freq|gap=4.0|win=200ms|tol=0.2,plaus|win=20|tol=0.6m,0.8720112517580871,0.5714285714285714,0.0025,0.8735955056179776,0.6458333333333334,0.0025
freq|gap=4.0|win=200ms|tol=0.2,plaus|win=20|tol=1.0m,0.8720112517580871,0.5714285714285714,0.0025,0.8735955056179776,0.6458333333333334,0.0025
freq|gap=4.0|win=200ms|tol=0.2,plaus|win=20|tol=1.5m,0.8720112517580871,0.5714285714285714,0.0025,0.8735955056179776,0.6458333333333334,0.0025
freq|gap=4.0|win=200ms|tol=0.4,plaus|win=3|tol=0.3m,0.7899891186071818,0.8163265306122449,0.40487804878048783,0.8,0.8125,0.38929440389294406
freq|gap=4.0|win=200ms|tol=0.4,plaus|win=3|tol=0.6m,0.9263721552878179,0.5918367346938775,0.0025,0.9335106382978724,0.6666666666666666,0.0025
freq|gap=4.0|win=200ms|tol=0.4,plaus|win=3|tol=1.0m,0.9058663028649386,0.5918367346938775,0.0025,0.9162162162162162,0.6666666666666666,0.0025
freq|gap=4.0|win=200ms|tol=0.4,plaus|win=3|tol=1.5m,0.8968363136176065,0.5918367346938775,0.0025,0.8953168044077134,0.6666666666666666,0.0025
freq|gap=4.0|win=200ms|tol=0.4,plaus|win=5|tol=0.3m,0.7965179542981501,0.7142857142857143,0.3886138613861386,0.8162344983089064,0.7291666666666666,0.32432432432432434
freq|gap=4.0|win=200ms|tol=0.4,plaus|win=5|tol=0.6m,0.9320905459387483,0.5918367346938775,0.0025,0.9379128137384412,0.6666666666666666,0.005
freq|gap=4.0|win=200ms|tol=0.4,plaus|win=5|tol=1.0m,0.9191374663072777,0.5918367346938775,0.0025,0.9249329758713137,0.6666666666666666,0.0025
freq|gap=4.0|win=200ms|tol=0.4,plaus|win=5|tol=1.5m,0.9028727770177838,0.5918367346938775,0.0025,0.9058663028649386,0.6666666666666666,0.0025
freq|gap=4.0|win=200ms|tol=0.4,plaus|win=10|tol=0.3m,0.8558246828143022,0.6530612244897959,0.24,0.8561643835616439,0.7291666666666666,0.2525
freq|gap=4.0|win=200ms|tol=0.4,plaus|win=10|tol=0.6m,0.940554821664465,0.5918367346938775,0.0025,0.941952506596306,0.6666666666666666,0.0025
freq|gap=4.0|win=200ms|tol=0.4,plaus|win=10|tol=1.0m,0.9320905459387483,0.5918367346938775,0.0025,0.937748344370861,0.6666666666666666,0.0025
freq|gap=4.0|win=200ms|tol=0.4,plaus|win=10|tol=1.5m,0.9220430107526881,0.5918367346938775,0.0025,0.9234899328859061,0.6666666666666666,0.0025
freq|gap=4.0|win=200ms|tol=0.4,plaus|win=20|tol=0.3m,0.8735955056179776,0.5714285714285714,0.0025,0.8751753155680224,0.6458333333333334,0.0025
freq|gap=4.0|win=200ms|tol=0.4,plaus|win=20|tol=0.6m,0.8720112517580871,0.5714285714285714,0.0025,0.8735955056179776,0.6458333333333334,0.0025
freq|gap=4.0|win=200ms|tol=0.4,plaus|win=20|tol=1.0m,0.8720112517580871,0.5714285714285714,0.0025,0.8735955056179776,0.6458333333333334,0.0025
freq|gap=4.0|win=200ms|tol=0.4,plaus|win=20|tol=1.5m,0.8720112517580871,0.5714285714285714,0.0025,0.8735955056179776,0.6458333333333334,0.0025
freq|gap=4.0|win=200ms|tol=0.6,plaus|win=3|tol=0.3m,0.7899891186071818,0.8163265306122449,0.40487804878048783,0.8,0.8125,0.38929440389294406
freq|gap=4.0|win=200ms|tol=0.6,plaus|win=3|tol=0.6m,0.9263721552878179,0.5918367346938775,0.0025,0.9335106382978724,0.6666666666666666,0.0025
freq|gap=4.0|win=200ms|tol=0.6,plaus|win=3|tol=1.0m,0.9058663028649386,0.5918367346938775,0.0025,0.9162162162162162,0.6666666666666666,0.0025
freq|gap=4.0|win=200ms|tol=0.6,plaus|win=3|tol=1.5m,0.8968363136176065,0.5918367346938775,0.0025,0.8953168044077134,0.6666666666666666,0.0025
freq|gap=4.0|win=200ms|tol=0.6,plaus|win=5|tol=0.3m,0.7965179542981501,0.7142857142857143,0.3886138613861386,0.8162344983089064,0.7291666666666666,0.32432432432432434
freq|gap=4.0|win=200ms|tol=0.6,plaus|win=5|tol=0.6m,0.9320905459387483,0.5918367346938775,0.0025,0.9379128137384412,0.6666666666666666,0.005
freq|gap=4.0|win=200ms|tol=0.6,plaus|win=5|tol=1.0m,0.9191374663072777,0.5918367346938775,0.0025,0.9249329758713137,0.6666666666666666,0.0025
freq|gap=4.0|win=200ms|tol=0.6,plaus|win=5|tol=1.5m,0.9028727770177838,0.5918367346938775,0.0025,0.9058663028649386,0.6666666666666666,0.0025
freq|gap=4.0|win=200ms|tol=0.6,plaus|win=10|tol=0.3m,0.8558246828143022,0.6530612244897959,0.24,0.8561643835616439,0.7291666666666666,0.2525
freq|gap=4.0|win=200ms|tol=0.6,plaus|win=10|tol=0.6m,0.940554821664465,0.5918367346938775,0.0025,0.941952506596306,0.6666666666666666,0.0025
freq|gap=4.0|win=200ms|tol=0.6,plaus|win=10|tol=1.0m,0.9320905459387483,0.5918367346938775,0.0025,0.937748344370861,0.6666666666666666,0.0025
freq|gap=4.0|win=200ms|tol=0.6,plaus|win=10|tol=1.5m,0.9220430107526881,0.5918367346938775,0.0025,0.9234899328859061,0.6666666666666666,0.0025
freq|gap=4.0|win=200ms|tol=0.6,plaus|win=20|tol=0.3m,0.8735955056179776,0.5714285714285714,0.0025,0.8751753155680224,0.6458333333333334,0.0025
freq|gap=4.0|win=200ms|tol=0.6,plaus|win=20|tol=0.6m,0.8720112517580871,0.5714285714285714,0.0025,0.8735955056179776,0.6458333333333334,0.0025
freq|gap=4.0|win=200ms|tol=0.6,plaus|win=20|tol=1.0m,0.8720112517580871,0.5714285714285714,0.0025,0.8735955056179776,0.6458333333333334,0.0025
freq|gap=4.0|win=200ms|tol=0.6,plaus|win=20|tol=1.5m,0.8720112517580871,0.5714285714285714,0.0025,0.8735955056179776,0.6458333333333334,0.0025
freq|gap=4.0|win=400ms|tol=0.2,plaus|win=3|tol=0.3m,0.7899891186071818,0.8163265306122449,0.40487804878048783,0.8,0.8125,0.38929440389294406
freq|gap=4.0|win=400ms|tol=0.2,plaus|win=3|tol=0.6m,0.9263721552878179,0.5918367346938775,0.0025,0.9335106382978724,0.6666666666666666,0.0025
freq|gap=4.0|win=400ms|tol=0.2,plaus|win=3|tol=1.0m,0.9058663028649386,0.5918367346938775,0.0025,0.9162162162162162,0.6666666666666666,0.0025
freq|gap=4.0|win=400ms|tol=0.2,plaus|win=3|tol=1.5m,0.8968363136176065,0.5918367346938775,0.0025,0.8953168044077134,0.6666666666666666,0.0025
freq|gap=4.0|win=400ms|tol=0.2,plaus|win=5|tol=0.3m,0.7965179542981501,0.7142857142857143,0.3886138613861386,0.8162344983089064,0.7291666666666666,0.32432432432432434
freq|gap=4.0|win=400ms|tol=0.2,plaus|win=5|tol=0.6m,0.9320905459387483,0.5918367346938775,0.0025,0.9379128137384412,0.6666666666666666,0.005
freq|gap=4.0|win=400ms|tol=0.2,plaus|win=5|tol=1.0m,0.9191374663072777,0.5918367346938775,0.0025,0.9249329758713137,0.6666666666666666,0.0025
freq|gap=4.0|win=400ms|tol=0.2,plaus|win=5|tol=1.5m,0.9028727770177838,0.5918367346938775,0.0025,0.9058663028649386,0.6666666666666666,0.0025
freq|gap=4.0|win=400ms|tol=0.2,plaus|win=10|tol=0.3m,0.8558246828143022,0.6530612244897959,0.24,0.8561643835616439,0.7291666666666666,0.2525
freq|gap=4.0|win=400ms|tol=0.2,plaus|win=10|tol=0.6m,0.940554821664465,0.5918367346938775,0.0025,0.941952506596306,0.6666666666666666,0.0025
freq|gap=4.0|win=400ms|tol=0.2,plaus|win=10|tol=1.0m,0.9320905459387483,0.5918367346938775,0.0025,0.937748344370861,0.6666666666666666,0.0025
freq|gap=4.0|win=400ms|tol=0.2,plaus|win=10|tol=1.5m,0.9220430107526881,0.5918367346938775,0.0025,0.9234899328859061,0.6666666666666666,0.0025
freq|gap=4.0|win=400ms|tol=0.2,plaus|win=20|tol=0.3m,0.8735955056179776,0.5714285714285714,0.0025,0.8751753155680224,0.6458333333333334,0.0025
freq|gap=4.0|win=400ms|tol=0.2,plaus|win=20|tol=0.6m,0.8720112517580871,0.5714285714285714,0.0025,0.8735955056179776,0.6458333333333334,0.0025
freq|gap=4.0|win=400ms|tol=0.2,plaus|win=20|tol=1.0m,0.8720112517580871,0.5714285714285714,0.0025,0.8735955056179776,0.6458333333333334,0.0025
freq|gap=4.0|win=400ms|tol=0.2,plaus|win=20|tol=1.5m,0.8720112517580871,0.5714285714285714,0.0025,0.8735955056179776,0.6458333333333334,0.0025
freq|gap=4.0|win=400ms|tol=0.4,plaus|win=3|tol=0.3m,0.7899891186071818,0.8163265306122449,0.40487804878048783,0.8,0.8125,0.38929440389294406
freq|gap=4.0|win=400ms|tol=0.4,plaus|win=3|tol=0.6m,0.9263721552878179,0.5918367346938775,0.0025,0.9335106382978724,0.6666666666666666,0.0025
freq|gap=4.0|win=400ms|tol=0.4,plaus|win=3|tol=1.0m,0.9058663028649386,0.5918367346938775,0.0025,0.9162162162162162,0.6666666666666666,0.0025
freq|gap=4.0|win=400ms|tol=0.4,plaus|win=3|tol=1.5m,0.8968363136176065,0.5918367346938775,0.0025,0.8953168044077134,0.6666666666666666,0.0025
freq|gap=4.0|win=400ms|tol=0.4,plaus|win=5|tol=0.3m,0.7965179542981501,0.7142857142857143,0.3886138613861386,0.8162344983089064,0.7291666666666666,0.32432432432432434
freq|gap=4.0|win=400ms|tol=0.4,plaus|win=5|tol=0.6m,0.9320905459387483,0.5918367346938775,0.0025,0.9379128137384412,0.6666666666666666,0.005
freq|gap=4.0|win=400ms|tol=0.4,plaus|win=5|tol=1.0m,0.9191374663072777,0.5918367346938775,0.0025,0.9249329758713137,0.6666666666666666,0.0025
freq|gap=4.0|win=400ms|tol=0.4,plaus|win=5|tol=1.5m,0.9028727770177838,0.5918367346938775,0.0025,0.9058663028649386,0.6666666666666666,0.0025
freq|gap=4.0|win=400ms|tol=0.4,plaus|win=10|tol=0.3m,0.8558246828143022,0.6530612244897959,0.24,0.8561643835616439,0.7291666666666666,0.2525
freq|gap=4.0|win=400ms|tol=0.4,plaus|win=10|tol=0.6m,0.940554821664465,0.5918367346938775,0.0025,0.941952506596306,0.6666666666666666,0.0025
freq|gap=4.0|win=400ms|tol=0.4,plaus|win=10|tol=1.0m,0.9320905459387483,0.5918367346938775,0.0025,0.937748344370861,0.6666666666666666,0.0025
freq|gap=4.0|win=400ms|tol=0.4,plaus|win=10|tol=1.5m,0.9220430107526881,0.5918367346938775,0.0025,0.9234899328859061,0.6666666666666666,0.0025
freq|gap=4.0|win=400ms|tol=0.4,plaus|win=20|tol=0.3m,0.8735955056179776,0.5714285714285714,0.0025,0.8751753155680224,0.6458333333333334,0.0025
freq|gap=4.0|win=400ms|tol=0.4,plaus|win=20|tol=0.6m,0.8720112517580871,0.5714285714285714,0.0025,0.8735955056179776,0.6458333333333334,0.0025
freq|gap=4.0|win=400ms|tol=0.4,plaus|win=20|tol=1.0m,0.8720112517580871,0.5714285714285714,0.0025,0.8735955056179776,0.6458333333333334,0.0025
freq|gap=4.0|win=400ms|tol=0.4,plaus|win=20|tol=1.5m,0.8720112517580871,0.5714285714285714,0.0025,0.8735955056179776,0.6458333333333334,0.0025
freq|gap=4.0|win=400ms|tol=0.6,plaus|win=3|tol=0.3m,0.7899891186071818,0.8163265306122449,0.40487804878048783,0.8,0.8125,0.38929440389294406
freq|gap=4.0|win=400ms|tol=0.6,plaus|win=3|tol=0.6m,0.9263721552878179,0.5918367346938775,0.0025,0.9335106382978724,0.6666666666666666,0.0025
freq|gap=4.0|win=400ms|tol=0.6,plaus|win=3|tol=1.0m,0.9058663028649386,0.5918367346938775,0.0025,0.9162162162162162,0.6666666666666666,0.0025
freq|gap=4.0|win=400ms|tol=0.6,plaus|win=3|tol=1.5m,0.8968363136176065,0.5918367346938775,0.0025,0.8953168044077134,0.6666666666666666,0.0025
freq|gap=4.0|win=400ms|tol=0.6,plaus|win=5|tol=0.3m,0.7965179542981501,0.7142857142857143,0.3886138613861386,0.8162344983089064,0.7291666666666666,0.32432432432432434
freq|gap=4.0|win=400ms|tol=0.6,plaus|win=5|tol=0.6m,0.9320905459387483,0.5918367346938775,0.0025,0.9379128137384412,0.6666666666666666,0.005
freq|gap=4.0|win=400ms|tol=0.6,plaus|win=5|tol=1.0m,0.9191374663072777,0.5918367346938775,0.0025,0.9249329758713137,0.6666666666666666,0.0025
freq|gap=4.0|win=400ms|tol=0.6,plaus|win=5|tol=1.5m,0.9028727770177838,0.5918367346938775,0.0025,0.9058663028649386,0.6666666666666666,0.0025
freq|gap=4.0|win=400ms|tol=0.6,plaus|win=10|tol=0.3m,0.8558246828143022,0.6530612244897959,0.24,0.8561643835616439,0.7291666666666666,0.2525
freq|gap=4.0|win=400ms|tol=0.6,plaus|win=10|tol=0.6m,0.940554821664465,0.5918367346938775,0.0025,0.941952506596306,0.6666666666666666,0.0025
freq|gap=4.0|win=400ms|tol=0.6,plaus|win=10|tol=1.0m,0.9320905459387483,0.5918367346938775,0.0025,0.937748344370861,0.6666666666666666,0.0025
freq|gap=4.0|win=400ms|tol=0.6,plaus|win=10|tol=1.5m,0.9220430107526881,0.5918367346938775,0.0025,0.9234899328859061,0.6666666666666666,0.0025
freq|gap=4.0|win=400ms|tol=0.6,plaus|win=20|tol=0.3m,0.8735955056179776,0.5714285714285714,0.0025,0.8751753155680224,0.6458333333333334,0.0025
freq|gap=4.0|win=400ms|tol=0.6,plaus|win=20|tol=0.6m,0.8720112517580871,0.5714285714285714,0.0025,0.8735955056179776,0.6458333333333334,0.0025
freq|gap=4.0|win=400ms|tol=0.6,plaus|win=20|tol=1.0m,0.8720112517580871,0.5714285714285714,0.0025,0.8735955056179776,0.6458333333333334,0.0025
freq|gap=4.0|win=400ms|tol=0.6,plaus|win=20|tol=1.5m,0.8720112517580871,0.5714285714285714,0.0025,0.8735955056179776,0.6458333333333334,0.0025
