id,tag,parsed,deadline_ok,unresolved_ok,component_ok,exact,formula_ok,vss_tp,vss_fp,vss_fn,can_tp,can_fp,can_fn,invalid_vss,invalid_can,predicted_vss,predicted_can,condition,repairs,llm_calls,valid_first_try,valid_final,errors_initial,spec
R001,explicit,True,True,True,True,True,True,0,0,1,0,0,0,0,0,0,0,baseline,0,1,True,True,,"{""deadline_ms"": 100.0, ""unresolved"": false, ""component"": ""braking_system"", ""trigger"": ""obstacle_detected"", ""response"": ""brake_applied"", ""vss_signals"": [], ""can_ids"": [], ""formula"": ""G(obstacle_detected -> F[0,100 ms] brake_applied)""}"
R003,explicit,True,True,True,True,True,True,0,0,1,0,0,0,0,0,0,0,baseline,0,1,True,True,,"{""deadline_ms"": 100.0, ""unresolved"": false, ""component"": ""braking_system"", ""trigger"": ""pedestrian_detected"", ""response"": ""brake_applied"", ""vss_signals"": [], ""can_ids"": [], ""formula"": ""G(pedestrian_detected -> F[0,100 ms] brake_applied)""}"
R005,explicit,True,True,True,True,True,True,0,0,1,0,0,0,0,0,0,0,baseline,0,1,True,True,,"{""deadline_ms"": 200.0, ""unresolved"": false, ""component"": ""lane_departure_system"", ""trigger"": ""lane_departure_detected"", ""response"": ""warning_issued"", ""vss_signals"": [], ""can_ids"": [], ""formula"": ""G(lane_departure_detected -> F[0,200 ms] warning_issued)""}"
R007,explicit,True,True,True,True,True,True,0,0,0,0,0,0,0,0,0,0,baseline,0,1,True,True,,"{""deadline_ms"": 300.0, ""unresolved"": false, ""component"": ""acc_system"", ""trigger"": ""lead_vehicle_speed_change"", ""response"": ""acc_response"", ""vss_signals"": [], ""can_ids"": [], ""formula"": ""G(lead_vehicle_speed_change -> F[0,300 ms] acc_response)""}"
R009,explicit,True,True,True,True,True,True,0,0,0,0,0,0,0,0,0,0,baseline,0,1,True,True,,"{""deadline_ms"": 50.0, ""unresolved"": false, ""component"": ""alert_module"", ""trigger"": ""critical_fault_flagged"", ""response"": ""driver_alert_presented"", ""vss_signals"": [], ""can_ids"": [], ""formula"": ""G(critical_fault_flagged -> F[0,50 ms] driver_alert_presented)""}"
R011,explicit,True,True,True,True,True,True,0,0,0,0,0,0,0,0,0,0,baseline,0,1,True,True,,"{""deadline_ms"": 50.0, ""unresolved"": false, ""component"": ""safety_monitor"", ""trigger"": ""fault_detected"", ""response"": ""safety_mechanism_activated"", ""vss_signals"": [], ""can_ids"": [], ""formula"": ""G(fault_detected -> F[0,50 ms] safety_mechanism_activated)""}"
R013,explicit,True,True,True,True,True,True,0,0,0,0,0,1,0,0,0,0,baseline,0,1,True,True,,"{""deadline_ms"": 500.0, ""unresolved"": false, ""component"": ""ecu_watchdog"", ""trigger"": ""heartbeat_missing"", ""response"": ""watchdog_timeout"", ""vss_signals"": [], ""can_ids"": [], ""formula"": ""G(heartbeat_missing -> F[0,500 ms] watchdog_timeout)""}"
R015,explicit,True,True,True,True,True,True,0,0,0,0,0,0,0,0,0,0,baseline,0,1,True,True,,"{""deadline_ms"": 200.0, ""unresolved"": false, ""component"": ""steering_ecu"", ""trigger"": ""steering_override_requested"", ""response"": ""steering_override_completed"", ""vss_signals"": [], ""can_ids"": [], ""formula"": ""G(steering_override_requested -> F[0,200 ms] steering_override_completed)""}"
R017,explicit,True,True,True,True,True,True,0,0,1,0,0,0,0,0,0,0,baseline,0,1,True,True,,"{""deadline_ms"": 20.0, ""unresolved"": false, ""component"": ""braking_system"", ""trigger"": ""wheel_lockup_detected"", ""response"": ""brake_pressure_controlled"", ""vss_signals"": [], ""can_ids"": [], ""formula"": ""G(wheel_lockup_detected -> F[0,20 ms] brake_pressure_controlled)""}"
R019,explicit,True,True,True,True,True,True,0,0,0,0,0,1,0,0,0,0,baseline,0,1,True,True,,"{""deadline_ms"": 30.0, ""unresolved"": false, ""component"": ""other"", ""trigger"": ""wheel_slip_detected"", ""response"": ""engine_torque_reduced"", ""vss_signals"": [], ""can_ids"": [], ""formula"": ""G(wheel_slip_detected -> F[0,30 ms] engine_torque_reduced)""}"
R021,explicit,True,True,True,False,False,True,0,0,2,0,0,0,0,0,0,0,baseline,0,1,True,True,,"{""deadline_ms"": 100.0, ""unresolved"": false, ""component"": ""braking_system"", ""trigger"": ""brake_pedal_pressed"", ""response"": ""brake_lights_illuminated"", ""vss_signals"": [], ""can_ids"": [], ""formula"": ""G(brake_pedal_pressed -> F[0,100 ms] brake_lights_illuminated)""}"
R023,explicit,True,True,True,True,True,True,0,0,0,0,0,2,0,0,0,0,baseline,0,1,True,True,,"{""deadline_ms"": 33.0, ""unresolved"": false, ""component"": ""other"", ""trigger"": ""camera_detection_result_generated"", ""response"": ""sensor_fusion_ecu_received"", ""vss_signals"": [], ""can_ids"": [], ""formula"": ""G(camera_detection_result_generated -> F[0,33 ms] sensor_fusion_ecu_received)""}"
R025,explicit,True,True,True,True,True,True,0,0,1,0,0,0,0,0,0,0,baseline,0,1,True,True,,"{""deadline_ms"": 100.0, ""unresolved"": false, ""component"": ""other"", ""trigger"": ""new_image_data_received"", ""response"": ""pedestrian_detection_confidence_updated"", ""vss_signals"": [], ""can_ids"": [], ""formula"": ""G(new_image_data_received -> F[0,100 ms] pedestrian_detection_confidence_updated)""}"
R027,explicit,True,True,True,True,True,True,0,0,1,0,0,0,0,0,0,0,baseline,0,1,True,True,,"{""deadline_ms"": 50.0, ""unresolved"": false, ""component"": ""alert_module"", ""trigger"": ""driver_inattentive_detected"", ""response"": ""warning_displayed"", ""vss_signals"": [], ""can_ids"": [], ""formula"": ""G(driver_inattentive_detected -> F[0,50 ms] warning_displayed)""}"
R029,explicit,True,True,True,True,True,True,0,1,1,0,0,0,1,0,1,0,baseline,0,1,False,False,"VSS signals ['Vehicle.Brakes.BrakePedalPosition'] are not in the knowledge base; list only signals that exist there, or leave the list empty","{""deadline_ms"": 10.0, ""unresolved"": false, ""component"": ""braking_system"", ""trigger"": ""brake_pedal_position_changed"", ""response"": ""brake_pedal_position_reported"", ""vss_signals"": [""Vehicle.Brakes.BrakePedalPosition""], ""can_ids"": [], ""formula"": ""G(brake_pedal_position_changed -> F[0,10 ms] brake_pedal_position_reported)""}"
R031,units,True,True,True,True,True,True,0,0,1,0,0,0,0,0,0,0,baseline,0,1,True,True,,"{""deadline_ms"": 100.0, ""unresolved"": false, ""component"": ""braking_system"", ""trigger"": ""obstacle_detected"", ""response"": ""brake_applied"", ""vss_signals"": [], ""can_ids"": [], ""formula"": ""G(obstacle_detected -> F[0,100 ms] brake_applied)""}"
R033,units,True,True,True,True,True,True,0,0,1,0,0,0,0,0,0,0,baseline,0,1,True,True,,"{""deadline_ms"": 200.0, ""unresolved"": false, ""component"": ""lane_departure_system"", ""trigger"": ""lane_departure_detected"", ""response"": ""warning_issued"", ""vss_signals"": [], ""can_ids"": [], ""formula"": ""G(lane_departure_detected -> F[0,200 ms] warning_issued)""}"
R035,units,True,True,True,True,True,True,0,0,0,0,0,0,0,0,0,0,baseline,0,1,True,True,,"{""deadline_ms"": 50.0, ""unresolved"": false, ""component"": ""alert_module"", ""trigger"": ""fault_detected"", ""response"": ""driver_alert_displayed"", ""vss_signals"": [], ""can_ids"": [], ""formula"": ""G(fault_detected -> F[0,50 ms] driver_alert_displayed)""}"
R037,units,True,True,True,True,True,True,0,0,0,0,0,0,0,0,0,0,baseline,0,1,True,True,,"{""deadline_ms"": 300.0, ""unresolved"": false, ""component"": ""acc_system"", ""trigger"": ""closing_lead_vehicle_detected"", ""response"": ""acc_response"", ""vss_signals"": [], ""can_ids"": [], ""formula"": ""G(closing_lead_vehicle_detected -> F[0,300 ms] acc_response)""}"
R039,units,True,True,True,True,True,True,0,0,1,0,0,0,0,0,0,0,baseline,0,1,True,True,,"{""deadline_ms"": 100.0, ""unresolved"": false, ""component"": ""braking_system"", ""trigger"": ""pedestrian_detected"", ""response"": ""brake_applied"", ""vss_signals"": [], ""can_ids"": [], ""formula"": ""G(pedestrian_detected -> F[0,100 ms] brake_applied)""}"
R041,units,True,True,True,True,True,True,0,0,1,0,0,0,0,0,0,0,baseline,0,1,True,True,,"{""deadline_ms"": 150.0, ""unresolved"": false, ""component"": ""braking_system"", ""trigger"": ""obstacle_detected"", ""response"": ""full_braking_applied"", ""vss_signals"": [], ""can_ids"": [], ""formula"": ""G(obstacle_detected -> F[0,150 ms] full_braking_applied)""}"
R043,units,True,True,True,True,True,True,0,0,1,0,0,0,0,0,0,0,baseline,0,1,True,True,,"{""deadline_ms"": 50.0, ""unresolved"": false, ""component"": ""lane_departure_system"", ""trigger"": ""lane_departure_detected"", ""response"": ""warning_sound_activated"", ""vss_signals"": [], ""can_ids"": [], ""formula"": ""G(lane_departure_detected -> F[0,50 ms] warning_sound_activated)""}"
R045,units,True,True,True,True,True,True,0,0,0,0,0,1,0,0,0,0,baseline,0,1,True,True,,"{""deadline_ms"": 250.0, ""unresolved"": false, ""component"": ""steering_ecu"", ""trigger"": ""steering_command_requested"", ""response"": ""steering_command_output"", ""vss_signals"": [], ""can_ids"": [], ""formula"": ""G(steering_command_requested -> F[0,250 ms] steering_command_output)""}"
R047,distractor,True,True,True,True,True,True,0,0,1,0,0,0,0,0,0,0,baseline,0,1,True,True,,"{""deadline_ms"": 100.0, ""unresolved"": false, ""component"": ""braking_system"", ""trigger"": ""obstacle_detected"", ""response"": ""brake_applied"", ""vss_signals"": [], ""can_ids"": [], ""formula"": ""G(obstacle_detected -> F[0,100 ms] brake_applied)""}"
R049,distractor,True,True,True,True,True,True,0,0,1,0,0,0,0,0,0,0,baseline,0,1,True,True,,"{""deadline_ms"": 150.0, ""unresolved"": false, ""component"": ""braking_system"", ""trigger"": ""pedestrian_detected"", ""response"": ""brake_applied"", ""vss_signals"": [], ""can_ids"": [], ""formula"": ""G(pedestrian_detected -> F[0,150 ms] brake_applied)""}"
R051,distractor,True,True,True,True,True,True,0,0,0,0,0,0,0,0,0,0,baseline,0,1,True,True,,"{""deadline_ms"": 300.0, ""unresolved"": false, ""component"": ""acc_system"", ""trigger"": ""vehicle_speed_50kmh_gradient_3pct"", ""response"": ""acc_reaction"", ""vss_signals"": [], ""can_ids"": [], ""formula"": ""G(vehicle_speed_50kmh_gradient_3pct -> F[0,300 ms] acc_reaction)""}"
R053,distractor,True,True,True,True,True,True,0,0,0,0,0,0,0,0,0,0,baseline,0,1,True,True,,"{""deadline_ms"": 200.0, ""unresolved"": false, ""component"": ""steering_ecu"", ""trigger"": ""steering_override_requested"", ""response"": ""steering_override_completed"", ""vss_signals"": [], ""can_ids"": [], ""formula"": ""G(steering_override_requested -> F[0,200 ms] steering_override_completed)""}"
R055,distractor,True,True,True,True,True,True,0,0,0,0,0,0,0,0,0,0,baseline,0,1,True,True,,"{""deadline_ms"": 50.0, ""unresolved"": false, ""component"": ""alert_module"", ""trigger"": ""diagnostic_fault_detected"", ""response"": ""driver_alert_shown"", ""vss_signals"": [], ""can_ids"": [], ""formula"": ""G(diagnostic_fault_detected -> F[0,50 ms] driver_alert_shown)""}"
R057,distractor,True,True,True,True,True,True,0,0,1,0,0,0,0,0,0,0,baseline,0,1,True,True,,"{""deadline_ms"": 50.0, ""unresolved"": false, ""component"": ""alert_module"", ""trigger"": ""obstacle_detected"", ""response"": ""warning_displayed"", ""vss_signals"": [], ""can_ids"": [], ""formula"": ""G(obstacle_detected -> F[0,50 ms] warning_displayed)""}"
R059,distractor,True,True,True,True,True,True,0,0,1,0,0,0,0,0,0,0,baseline,0,1,True,True,,"{""deadline_ms"": 50.0, ""unresolved"": false, ""component"": ""other"", ""trigger"": ""skid_detected"", ""response"": ""esc_intervention"", ""vss_signals"": [], ""can_ids"": [], ""formula"": ""G(skid_detected -> F[0,50 ms] esc_intervention)""}"
R061,multi_clause,True,True,True,False,False,True,0,0,1,0,0,0,0,0,0,0,baseline,0,1,True,True,,"{""deadline_ms"": 100.0, ""unresolved"": false, ""component"": ""acc_system"", ""trigger"": ""obstacle_detected"", ""response"": ""brake_applied"", ""vss_signals"": [], ""can_ids"": [], ""formula"": ""G(obstacle_detected -> F[0,100 ms] brake_applied)""}"
R063,multi_clause,True,True,True,True,True,True,0,0,0,0,0,0,0,0,0,0,baseline,0,1,True,True,,"{""deadline_ms"": 200.0, ""unresolved"": false, ""component"": ""steering_ecu"", ""trigger"": ""steering_override_requested"", ""response"": ""steering_override_complete"", ""vss_signals"": [], ""can_ids"": [], ""formula"": ""G(steering_override_requested -> F[0,200 ms] steering_override_complete)""}"
R065,multi_clause,True,True,True,False,False,True,0,0,1,0,0,0,0,0,0,0,baseline,0,1,True,True,,"{""deadline_ms"": 100.0, ""unresolved"": false, ""component"": ""acc_system"", ""trigger"": ""pedestrian_detected"", ""response"": ""full_brake_applied"", ""vss_signals"": [], ""can_ids"": [], ""formula"": ""G(pedestrian_detected -> F[0,100 ms] full_brake_applied)""}"
R067,multi_clause,True,True,True,True,True,True,0,0,0,0,0,0,0,0,0,0,baseline,0,1,True,True,,"{""deadline_ms"": 300.0, ""unresolved"": false, ""component"": ""acc_system"", ""trigger"": ""obstacle_detected"", ""response"": ""brake_request_sent"", ""vss_signals"": [], ""can_ids"": [], ""formula"": ""G(obstacle_detected -> F[0,300 ms] brake_request_sent)""}"
R069,multi_clause,True,True,True,True,True,True,0,0,0,0,0,0,0,0,0,0,baseline,0,1,True,True,,"{""deadline_ms"": 15.0, ""unresolved"": false, ""component"": ""other"", ""trigger"": ""crash_detected"", ""response"": ""airbag_deployed"", ""vss_signals"": [], ""can_ids"": [], ""formula"": ""G(crash_detected -> F[0,15 ms] airbag_deployed)""}"
R071,no_deadline,True,True,True,True,True,True,0,0,0,0,0,0,0,0,0,0,baseline,0,1,True,True,,"{""deadline_ms"": null, ""unresolved"": false, ""component"": ""braking_system"", ""trigger"": ""emergency_brake_activated"", ""response"": ""activation_event_logged"", ""vss_signals"": [], ""can_ids"": [], ""formula"": null}"
R073,no_deadline,True,True,True,True,True,True,0,0,1,0,0,0,0,0,0,0,baseline,0,1,True,True,,"{""deadline_ms"": null, ""unresolved"": false, ""component"": ""acc_system"", ""trigger"": ""driver_disable_request"", ""response"": ""acc_disabled"", ""vss_signals"": [], ""can_ids"": [], ""formula"": null}"
R075,no_deadline,True,True,True,True,True,True,0,1,0,0,0,0,1,0,1,0,baseline,0,1,False,False,"VSS signals ['Chassis.Brakes.BrakePressure'] are not in the knowledge base; list only signals that exist there, or leave the list empty","{""deadline_ms"": null, ""unresolved"": false, ""component"": ""braking_system"", ""trigger"": ""brake_pressure_measured"", ""response"": ""brake_pressure_within_limit"", ""vss_signals"": [""Chassis.Brakes.BrakePressure""], ""can_ids"": [], ""formula"": null}"
R077,no_deadline,True,True,True,True,True,True,0,0,1,0,0,0,0,0,0,0,baseline,0,1,True,True,,"{""deadline_ms"": null, ""unresolved"": false, ""component"": ""other"", ""trigger"": ""pedestrian_detected"", ""response"": ""pedestrian_alert"", ""vss_signals"": [], ""can_ids"": [], ""formula"": null}"
R079,no_deadline,True,True,True,False,False,True,0,0,0,0,0,0,0,0,0,0,baseline,0,1,True,True,,"{""deadline_ms"": null, ""unresolved"": false, ""component"": ""safety_monitor"", ""trigger"": ""safety_message_received"", ""response"": ""message_authenticated"", ""vss_signals"": [], ""can_ids"": [], ""formula"": null}"
R081,no_deadline,True,True,True,True,True,True,1,0,0,0,0,0,0,0,1,0,baseline,0,1,True,True,,"{""deadline_ms"": null, ""unresolved"": false, ""component"": ""other"", ""trigger"": ""vehicle_speed_measured"", ""response"": ""speed_reported"", ""vss_signals"": [""Vehicle.Speed""], ""can_ids"": [], ""formula"": null}"
R083,no_deadline,True,True,True,True,True,True,0,0,0,0,0,0,0,0,0,0,baseline,0,1,True,True,,"{""deadline_ms"": null, ""unresolved"": false, ""component"": ""other"", ""trigger"": ""infotainment_activity"", ""response"": ""safety_can_traffic_intact"", ""vss_signals"": [], ""can_ids"": [], ""formula"": null}"
R085,no_deadline,True,True,True,True,True,True,0,0,0,0,0,1,0,0,0,0,baseline,0,1,True,True,,"{""deadline_ms"": null, ""unresolved"": false, ""component"": ""other"", ""trigger"": ""traction_control_requested"", ""response"": ""traction_control_active"", ""vss_signals"": [], ""can_ids"": [], ""formula"": null}"
R087,vague,True,True,True,True,True,True,0,0,1,0,0,0,0,0,0,0,baseline,0,1,True,True,,"{""deadline_ms"": null, ""unresolved"": true, ""component"": ""lane_departure_system"", ""trigger"": ""lane_departure_detected"", ""response"": ""warning_issued"", ""vss_signals"": [], ""can_ids"": [], ""formula"": null}"
R089,vague,True,True,True,True,True,True,0,0,0,0,0,0,0,0,0,0,baseline,0,1,True,True,,"{""deadline_ms"": null, ""unresolved"": true, ""component"": ""acc_system"", ""trigger"": ""lead_vehicle_speed_change"", ""response"": ""acc_reaction"", ""vss_signals"": [], ""can_ids"": [], ""formula"": null}"
R091,vague,True,True,True,True,True,True,0,0,0,0,0,0,0,0,0,0,baseline,0,1,True,True,,"{""deadline_ms"": null, ""unresolved"": true, ""component"": ""steering_ecu"", ""trigger"": ""steering_override_requested"", ""response"": ""steering_override_executed"", ""vss_signals"": [], ""can_ids"": [], ""formula"": null}"
R093,vague,True,True,True,True,True,True,0,0,0,0,0,0,0,0,0,0,baseline,0,1,True,True,,"{""deadline_ms"": null, ""unresolved"": true, ""component"": ""safety_monitor"", ""trigger"": ""safety_event_detected"", ""response"": ""safety_mechanism_activated"", ""vss_signals"": [], ""can_ids"": [], ""formula"": null}"
R095,vague,True,True,True,True,True,True,0,0,1,0,0,0,0,0,0,0,baseline,0,1,True,True,,"{""deadline_ms"": null, ""unresolved"": true, ""component"": ""alert_module"", ""trigger"": ""obstacle_detected"", ""response"": ""warning_displayed"", ""vss_signals"": [], ""can_ids"": [], ""formula"": null}"
R097,derived,True,True,True,True,True,True,0,0,1,0,0,0,0,0,0,0,baseline,0,1,True,True,,"{""deadline_ms"": 200.0, ""unresolved"": false, ""component"": ""lane_departure_system"", ""trigger"": ""lane_departure_detected"", ""response"": ""warning_generated"", ""vss_signals"": [], ""can_ids"": [], ""formula"": ""G(lane_departure_detected -> F[0,200 ms] warning_generated)""}"
R099,derived,True,True,True,True,True,True,0,0,0,0,0,0,0,0,0,0,baseline,0,1,True,True,,"{""deadline_ms"": 300.0, ""unresolved"": false, ""component"": ""acc_system"", ""trigger"": ""sampling_period_start"", ""response"": ""acc_response"", ""vss_signals"": [], ""can_ids"": [], ""formula"": ""G(sampling_period_start -> F[0,300 ms] acc_response)""}"
R101,derived,True,True,True,True,True,True,0,0,0,0,0,0,0,0,0,0,baseline,0,1,True,True,,"{""deadline_ms"": 50.0, ""unresolved"": false, ""component"": ""alert_module"", ""trigger"": ""alert_condition_detected"", ""response"": ""driver_alert_displayed"", ""vss_signals"": [], ""can_ids"": [], ""formula"": ""G(alert_condition_detected -> F[0,50 ms] driver_alert_displayed)""}"
R103,derived,True,True,True,False,False,True,0,0,0,0,0,0,0,0,0,0,baseline,0,1,True,True,,"{""deadline_ms"": 50.0, ""unresolved"": false, ""component"": ""braking_system"", ""trigger"": ""safety_mechanism_activation_requested"", ""response"": ""safety_mechanism_activated"", ""vss_signals"": [], ""can_ids"": [], ""formula"": ""G(safety_mechanism_activation_requested -> F[0,50 ms] safety_mechanism_activated)""}"
R105,derived,True,True,True,True,True,True,0,0,0,0,0,0,0,0,0,0,baseline,0,1,True,True,,"{""deadline_ms"": 15.0, ""unresolved"": false, ""component"": ""other"", ""trigger"": ""collision_detected"", ""response"": ""airbag_deployed"", ""vss_signals"": [], ""can_ids"": [], ""formula"": ""G(collision_detected -> F[0,15 ms] airbag_deployed)""}"
R107,derived,True,True,True,True,True,True,0,0,0,0,0,2,0,0,0,0,baseline,0,1,True,True,,"{""deadline_ms"": 20.0, ""unresolved"": false, ""component"": ""other"", ""trigger"": ""camera_detection"", ""response"": ""fusion_output_available"", ""vss_signals"": [], ""can_ids"": [], ""formula"": ""G(camera_detection -> F[0,20 ms] fusion_output_available)""}"
R109,derived,True,True,True,True,True,True,0,0,2,0,0,0,0,0,0,0,baseline,0,1,True,True,,"{""deadline_ms"": 100.0, ""unresolved"": false, ""component"": ""acc_system"", ""trigger"": ""brake_applied"", ""response"": ""cruise_control_disengaged"", ""vss_signals"": [], ""can_ids"": [], ""formula"": ""G(brake_applied -> F[0,100 ms] cruise_control_disengaged)""}"
R111,format,True,True,True,True,True,True,0,0,1,0,0,0,0,0,0,0,baseline,0,1,True,True,,"{""deadline_ms"": 100.0, ""unresolved"": false, ""component"": ""braking_system"", ""trigger"": ""obstacle_detected"", ""response"": ""brake_applied"", ""vss_signals"": [], ""can_ids"": [], ""formula"": ""G(obstacle_detected -> F[0,100 ms] brake_applied)""}"
R113,format,True,True,True,True,True,True,0,0,1,0,0,0,0,0,0,0,baseline,0,1,True,True,,"{""deadline_ms"": 100.0, ""unresolved"": false, ""component"": ""braking_system"", ""trigger"": ""obstacle_detected"", ""response"": ""brake_applied"", ""vss_signals"": [], ""can_ids"": [], ""formula"": ""G(obstacle_detected -> F[0,100 ms] brake_applied)""}"
R115,format,True,True,True,True,True,True,0,0,1,0,0,0,0,0,0,0,baseline,0,1,True,True,,"{""deadline_ms"": 200.0, ""unresolved"": false, ""component"": ""lane_departure_system"", ""trigger"": ""lane_crossing"", ""response"": ""ldw_alert"", ""vss_signals"": [], ""can_ids"": [], ""formula"": ""G(lane_crossing -> F[0,200 ms] ldw_alert)""}"
R117,format,True,True,True,False,False,True,0,0,1,0,0,0,0,0,0,0,baseline,0,1,True,True,,"{""deadline_ms"": 100.0, ""unresolved"": false, ""component"": ""acc_system"", ""trigger"": ""pedestrian_detected"", ""response"": ""brake_applied"", ""vss_signals"": [], ""can_ids"": [], ""formula"": ""G(pedestrian_detected -> F[0,100 ms] brake_applied)""}"
R119,format,True,True,True,True,True,True,0,0,0,0,0,0,0,0,0,0,baseline,0,1,True,True,,"{""deadline_ms"": 50.0, ""unresolved"": false, ""component"": ""alert_module"", ""trigger"": ""alert_condition_detected"", ""response"": ""driver_alert_issued"", ""vss_signals"": [], ""can_ids"": [], ""formula"": ""G(alert_condition_detected -> F[0,50 ms] driver_alert_issued)""}"
R001,explicit,True,True,True,True,True,True,0,2,1,0,0,0,2,0,2,0,eager,0,1,False,False,"VSS signals ['Vehicle.Brakes.BrakePressure', 'Vehicle.Brakes.BrakeStatus'] are not in the knowledge base; list only signals that exist there, or leave the list empty","{""deadline_ms"": 100.0, ""unresolved"": false, ""component"": ""braking_system"", ""trigger"": ""obstacle_detected"", ""response"": ""brake_applied"", ""vss_signals"": [""Vehicle.Brakes.BrakePressure"", ""Vehicle.Brakes.BrakeStatus""], ""can_ids"": [], ""formula"": ""G(obstacle_detected -> F[0,100 ms] brake_applied)""}"
R003,explicit,True,True,True,False,False,True,0,3,1,0,0,0,2,0,3,0,eager,0,1,False,False,"VSS signals ['Vehicle.Acceleration.AcceleratorPedalPosition', 'Vehicle.Brake.BrakePedalPosition'] are not in the knowledge base; list only signals that exist there, or leave the list empty","{""deadline_ms"": 100.0, ""unresolved"": false, ""component"": ""acc_system"", ""trigger"": ""pedestrian_detected"", ""response"": ""brake_applied"", ""vss_signals"": [""Vehicle.Acceleration.AcceleratorPedalPosition"", ""Vehicle.Brake.BrakePedalPosition"", ""Vehicle.Speed""], ""can_ids"": [], ""formula"": ""G(pedestrian_detected -> F[0,100 ms] brake_applied)""}"
R005,explicit,True,True,True,True,True,True,0,1,1,0,0,0,1,0,1,0,eager,0,1,False,False,"VSS signals ['Vehicle.Lateral.LaneDepartureWarning'] are not in the knowledge base; list only signals that exist there, or leave the list empty","{""deadline_ms"": 200.0, ""unresolved"": false, ""component"": ""lane_departure_system"", ""trigger"": ""lane_departure_detected"", ""response"": ""lane_departure_warning_issued"", ""vss_signals"": [""Vehicle.Lateral.LaneDepartureWarning""], ""can_ids"": [], ""formula"": ""G(lane_departure_detected -> F[0,200 ms] lane_departure_warning_issued)""}"
R007,explicit,True,True,True,True,True,True,0,2,0,0,0,0,1,0,2,0,eager,0,1,False,False,"VSS signals ['Vehicle.Acceleration'] are not in the knowledge base; list only signals that exist there, or leave the list empty","{""deadline_ms"": 300.0, ""unresolved"": false, ""component"": ""acc_system"", ""trigger"": ""lead_vehicle_speed_change"", ""response"": ""acc_speed_adjustment"", ""vss_signals"": [""Vehicle.Speed"", ""Vehicle.Acceleration""], ""can_ids"": [], ""formula"": ""G(lead_vehicle_speed_change -> F[0,300 ms] acc_speed_adjustment)""}"
R009,explicit,True,True,True,True,True,True,0,0,0,0,0,0,0,0,0,0,eager,0,1,True,True,,"{""deadline_ms"": 50.0, ""unresolved"": false, ""component"": ""alert_module"", ""trigger"": ""critical_fault_flagged"", ""response"": ""driver_alert_presented"", ""vss_signals"": [], ""can_ids"": [], ""formula"": ""G(critical_fault_flagged -> F[0,50 ms] driver_alert_presented)""}"
R011,explicit,True,True,True,True,True,True,0,0,0,0,0,0,0,0,0,0,eager,0,1,True,True,,"{""deadline_ms"": 50.0, ""unresolved"": false, ""component"": ""safety_monitor"", ""trigger"": ""fault_detected"", ""response"": ""safety_mechanism_activated"", ""vss_signals"": [], ""can_ids"": [], ""formula"": ""G(fault_detected -> F[0,50 ms] safety_mechanism_activated)""}"
R013,explicit,True,True,True,True,True,True,0,0,0,0,0,1,0,0,0,0,eager,0,1,True,True,,"{""deadline_ms"": 500.0, ""unresolved"": false, ""component"": ""ecu_watchdog"", ""trigger"": ""heartbeat_missing"", ""response"": ""watchdog_timeout"", ""vss_signals"": [], ""can_ids"": [], ""formula"": ""G(heartbeat_missing -> F[0,500 ms] watchdog_timeout)""}"
R015,explicit,True,True,True,True,True,True,0,2,0,0,0,0,2,0,2,0,eager,0,1,False,False,"VSS signals ['Actuators.Steer.ActuatorSteerAngle', 'Actuators.Steer.ActuatorSteerTorque'] are not in the knowledge base; list only signals that exist there, or leave the list empty","{""deadline_ms"": 200.0, ""unresolved"": false, ""component"": ""steering_ecu"", ""trigger"": ""steering_override_requested"", ""response"": ""steering_override_completed"", ""vss_signals"": [""Actuators.Steer.ActuatorSteerAngle"", ""Actuators.Steer.ActuatorSteerTorque""], ""can_ids"": [], ""formula"": ""G(steering_override_requested -> F[0,200 ms] steering_override_completed)""}"
R017,explicit,True,True,True,True,True,True,0,4,1,0,0,0,4,0,4,0,eager,0,1,False,False,"VSS signals ['Chassis.Wheels[1].WheelSpeed', 'Chassis.Wheels[2].WheelSpeed', 'Chassis.Wheels[3].WheelSpeed', 'Chassis.Wheels[4].WheelSpeed'] are not in the knowledge base; list only signals that exist there, or leave the list empty","{""deadline_ms"": 20.0, ""unresolved"": false, ""component"": ""braking_system"", ""trigger"": ""wheel_lockup_detected"", ""response"": ""brake_pressure_controlled"", ""vss_signals"": [""Chassis.Wheels[1].WheelSpeed"", ""Chassis.Wheels[2].WheelSpeed"", ""Chassis.Wheels[3].WheelSpeed"", ""Chassis.Wheels[4].WheelSpeed""], ""can_ids"": [], ""formula"": ""G(wheel_lockup_detected -> F[0,20 ms] brake_pressure_controlled)""}"
R019,explicit,True,True,True,True,True,True,0,2,0,0,0,1,2,0,2,0,eager,0,1,False,False,"VSS signals ['Vehicle.Wheels.WheelSpeed', 'Vehicle.DriveTrain.EngineTorque'] are not in the knowledge base; list only signals that exist there, or leave the list empty","{""deadline_ms"": 30.0, ""unresolved"": false, ""component"": ""other"", ""trigger"": ""wheel_slip_detected"", ""response"": ""engine_torque_reduced"", ""vss_signals"": [""Vehicle.Wheels.WheelSpeed"", ""Vehicle.DriveTrain.EngineTorque""], ""can_ids"": [], ""formula"": ""G(wheel_slip_detected -> F[0,30 ms] engine_torque_reduced)""}"
R021,explicit,True,True,True,False,False,True,0,2,2,0,0,0,2,0,2,0,eager,0,1,False,False,"VSS signals ['Actuators.Brakes.BrakePedal.Position', 'Lights.BrakeLights'] are not in the knowledge base; list only signals that exist there, or leave the list empty","{""deadline_ms"": 100.0, ""unresolved"": false, ""component"": ""braking_system"", ""trigger"": ""brake_pedal_pressed"", ""response"": ""brake_lights_illuminated"", ""vss_signals"": [""Actuators.Brakes.BrakePedal.Position"", ""Lights.BrakeLights""], ""can_ids"": [], ""formula"": ""G(brake_pedal_pressed -> F[0,100 ms] brake_lights_illuminated)""}"
R023,explicit,True,True,True,True,True,True,0,0,0,0,0,2,0,0,0,0,eager,0,1,True,True,,"{""deadline_ms"": 33.0, ""unresolved"": false, ""component"": ""other"", ""trigger"": ""camera_detection_result_generated"", ""response"": ""sensor_fusion_ecu_received"", ""vss_signals"": [], ""can_ids"": [], ""formula"": ""G(camera_detection_result_generated -> F[0,33 ms] sensor_fusion_ecu_received)""}"
R025,explicit,True,True,True,True,True,True,0,0,1,0,0,0,0,0,0,0,eager,0,1,True,True,,"{""deadline_ms"": 100.0, ""unresolved"": false, ""component"": ""other"", ""trigger"": ""new_image_data_received"", ""response"": ""pedestrian_detection_confidence_updated"", ""vss_signals"": [], ""can_ids"": [], ""formula"": ""G(new_image_data_received -> F[0,100 ms] pedestrian_detection_confidence_updated)""}"
R027,explicit,True,True,True,True,True,True,0,1,1,0,0,0,1,0,1,0,eager,0,1,False,False,"VSS signals ['Driver.State.DriverState'] are not in the knowledge base; list only signals that exist there, or leave the list empty","{""deadline_ms"": 50.0, ""unresolved"": false, ""component"": ""alert_module"", ""trigger"": ""driver_inattentive_detected"", ""response"": ""warning_displayed"", ""vss_signals"": [""Driver.State.DriverState""], ""can_ids"": [], ""formula"": ""G(driver_inattentive_detected -> F[0,50 ms] warning_displayed)""}"
R029,explicit,True,True,True,True,True,True,0,1,1,0,0,0,1,0,1,0,eager,0,1,False,False,"VSS signals ['Actuators.Brakes.BrakePedalPosition'] are not in the knowledge base; list only signals that exist there, or leave the list empty","{""deadline_ms"": 10.0, ""unresolved"": false, ""component"": ""braking_system"", ""trigger"": ""brake_pedal_position_changed"", ""response"": ""brake_pedal_position_reported"", ""vss_signals"": [""Actuators.Brakes.BrakePedalPosition""], ""can_ids"": [], ""formula"": ""G(brake_pedal_position_changed -> F[0,10 ms] brake_pedal_position_reported)""}"
R031,units,True,True,True,True,True,True,0,2,1,0,0,0,2,0,2,0,eager,0,1,False,False,"VSS signals ['Actuators.Brakes.BrakePressure', 'Actuators.Brakes.BrakeTorque'] are not in the knowledge base; list only signals that exist there, or leave the list empty","{""deadline_ms"": 100.0, ""unresolved"": false, ""component"": ""braking_system"", ""trigger"": ""obstacle_detected"", ""response"": ""brake_applied"", ""vss_signals"": [""Actuators.Brakes.BrakePressure"", ""Actuators.Brakes.BrakeTorque""], ""can_ids"": [], ""formula"": ""G(obstacle_detected -> F[0,100 ms] brake_applied)""}"
R033,units,True,True,True,True,True,True,0,1,1,0,0,0,1,0,1,0,eager,0,1,False,False,"VSS signals ['Vehicle.Lateral.LaneDepartureWarning'] are not in the knowledge base; list only signals that exist there, or leave the list empty","{""deadline_ms"": 200.0, ""unresolved"": false, ""component"": ""lane_departure_system"", ""trigger"": ""lane_departure_detected"", ""response"": ""lane_departure_warning_issued"", ""vss_signals"": [""Vehicle.Lateral.LaneDepartureWarning""], ""can_ids"": [], ""formula"": ""G(lane_departure_detected -> F[0,200 ms] lane_departure_warning_issued)""}"
R035,units,True,True,True,True,True,True,0,0,0,0,0,0,0,0,0,0,eager,0,1,True,True,,"{""deadline_ms"": 50.0, ""unresolved"": false, ""component"": ""alert_module"", ""trigger"": ""fault_detected"", ""response"": ""driver_alert_displayed"", ""vss_signals"": [], ""can_ids"": [], ""formula"": ""G(fault_detected -> F[0,50 ms] driver_alert_displayed)""}"
R037,units,False,False,False,False,False,False,0,0,0,0,0,0,0,0,0,0,eager,0,1,False,False,the reply did not contain a JSON object,null
R039,units,True,True,True,True,True,True,0,2,1,0,0,0,2,0,2,0,eager,0,1,False,False,"VSS signals ['Vehicle.Brakes.BrakePressure', 'Vehicle.Brakes.BrakeStatus'] are not in the knowledge base; list only signals that exist there, or leave the list empty","{""deadline_ms"": 100.0, ""unresolved"": false, ""component"": ""braking_system"", ""trigger"": ""pedestrian_detected"", ""response"": ""brake_applied"", ""vss_signals"": [""Vehicle.Brakes.BrakePressure"", ""Vehicle.Brakes.BrakeStatus""], ""can_ids"": [], ""formula"": ""G(pedestrian_detected -> F[0,100 ms] brake_applied)""}"
R041,units,True,True,True,False,False,True,0,2,1,0,0,0,1,0,2,0,eager,0,1,False,False,"VSS signals ['Vehicle.Acceleration'] are not in the knowledge base; list only signals that exist there, or leave the list empty","{""deadline_ms"": 150.0, ""unresolved"": false, ""component"": ""acc_system"", ""trigger"": ""obstacle_detected"", ""response"": ""full_braking_applied"", ""vss_signals"": [""Vehicle.Speed"", ""Vehicle.Acceleration""], ""can_ids"": [], ""formula"": ""G(obstacle_detected -> F[0,150 ms] full_braking_applied)""}"
R043,units,True,True,True,True,True,True,0,1,1,0,0,0,1,0,1,0,eager,0,1,False,False,"VSS signals ['Chassis.Steer.LaneDepartureWarning'] are not in the knowledge base; list only signals that exist there, or leave the list empty","{""deadline_ms"": 50.0, ""unresolved"": false, ""component"": ""lane_departure_system"", ""trigger"": ""lane_departure_detected"", ""response"": ""warning_sound_activated"", ""vss_signals"": [""Chassis.Steer.LaneDepartureWarning""], ""can_ids"": [], ""formula"": ""G(lane_departure_detected -> F[0,50 ms] warning_sound_activated)""}"
R045,units,True,True,True,True,True,True,0,1,0,0,0,1,1,0,1,0,eager,0,1,False,False,"VSS signals ['Actuators.SteeringWheel.Angle'] are not in the knowledge base; list only signals that exist there, or leave the list empty","{""deadline_ms"": 250.0, ""unresolved"": false, ""component"": ""steering_ecu"", ""trigger"": ""steering_command_requested"", ""response"": ""steering_command_output"", ""vss_signals"": [""Actuators.SteeringWheel.Angle""], ""can_ids"": [], ""formula"": ""G(steering_command_requested -> F[0,250 ms] steering_command_output)""}"
R047,distractor,True,True,True,False,False,True,0,2,1,0,0,0,1,0,2,0,eager,0,1,False,False,"VSS signals ['Vehicle.Acceleration'] are not in the knowledge base; list only signals that exist there, or leave the list empty","{""deadline_ms"": 100.0, ""unresolved"": false, ""component"": ""acc_system"", ""trigger"": ""obstacle_detected"", ""response"": ""brake_applied"", ""vss_signals"": [""Vehicle.Speed"", ""Vehicle.Acceleration""], ""can_ids"": [], ""formula"": ""G(obstacle_detected -> F[0,100 ms] brake_applied)""}"
R049,distractor,True,True,True,True,True,True,0,2,1,0,0,0,1,0,2,0,eager,0,1,False,False,"VSS signals ['Actuators.Brakes.BrakeTorqueRequest'] are not in the knowledge base; list only signals that exist there, or leave the list empty","{""deadline_ms"": 150.0, ""unresolved"": false, ""component"": ""braking_system"", ""trigger"": ""pedestrian_detected"", ""response"": ""brake_applied"", ""vss_signals"": [""Vehicle.Speed"", ""Actuators.Brakes.BrakeTorqueRequest""], ""can_ids"": [], ""formula"": ""G(pedestrian_detected -> F[0,150 ms] brake_applied)""}"
R051,distractor,True,True,True,True,True,True,0,2,0,0,0,0,1,0,2,0,eager,0,1,False,False,"VSS signals ['Vehicle.Acceleration'] are not in the knowledge base; list only signals that exist there, or leave the list empty","{""deadline_ms"": 300.0, ""unresolved"": false, ""component"": ""acc_system"", ""trigger"": ""vehicle_speed_50kmh_gradient_3pct"", ""response"": ""acc_reaction"", ""vss_signals"": [""Vehicle.Speed"", ""Vehicle.Acceleration""], ""can_ids"": [], ""formula"": ""G(vehicle_speed_50kmh_gradient_3pct -> F[0,300 ms] acc_reaction)""}"
R053,distractor,True,True,True,True,True,True,0,2,0,0,0,0,2,0,2,0,eager,0,1,False,False,"VSS signals ['Actuators.SteeringWheel.SteeringWheelAngle', 'Actuators.SteeringWheel.SteeringWheelTorque'] are not in the knowledge base; list only signals that exist there, or leave the list empty","{""deadline_ms"": 200.0, ""unresolved"": false, ""component"": ""steering_ecu"", ""trigger"": ""steering_override_requested"", ""response"": ""steering_override_completed"", ""vss_signals"": [""Actuators.SteeringWheel.SteeringWheelAngle"", ""Actuators.SteeringWheel.SteeringWheelTorque""], ""can_ids"": [], ""formula"": ""G(steering_override_requested -> F[0,200 ms] steering_override_completed)""}"
R055,distractor,True,True,True,True,True,True,0,0,0,0,0,0,0,0,0,0,eager,0,1,True,True,,"{""deadline_ms"": 50.0, ""unresolved"": false, ""component"": ""alert_module"", ""trigger"": ""diagnostic_fault_detected"", ""response"": ""driver_alert_shown"", ""vss_signals"": [], ""can_ids"": [], ""formula"": ""G(diagnostic_fault_detected -> F[0,50 ms] driver_alert_shown)""}"
R057,distractor,True,True,True,True,True,True,0,1,1,0,0,0,1,0,1,0,eager,0,1,False,False,"VSS signals ['Vehicle.Perception.Obstacles'] are not in the knowledge base; list only signals that exist there, or leave the list empty","{""deadline_ms"": 50.0, ""unresolved"": false, ""component"": ""alert_module"", ""trigger"": ""obstacle_detected"", ""response"": ""warning_displayed"", ""vss_signals"": [""Vehicle.Perception.Obstacles""], ""can_ids"": [], ""formula"": ""G(obstacle_detected -> F[0,50 ms] warning_displayed)""}"
R059,distractor,True,True,True,True,True,True,0,6,1,0,0,0,6,0,6,0,eager,0,1,False,False,"VSS signals ['Chassis.SteerWheel.SteerAngle', 'Chassis.Wheels.FrontLeft.YawRate', 'Chassis.Wheels.FrontRight.YawRate', 'Chassis.Wheels.RearLeft.YawRate', 'Chassis.Wheels.RearRight.YawRate', 'Chassis.Acceleration.Yaw'] are not in the knowledge base; list only signals that exist there, or leave the li","{""deadline_ms"": 50.0, ""unresolved"": false, ""component"": ""other"", ""trigger"": ""skid_detected"", ""response"": ""esc_intervention_applied"", ""vss_signals"": [""Chassis.SteerWheel.SteerAngle"", ""Chassis.Wheels.FrontLeft.YawRate"", ""Chassis.Wheels.FrontRight.YawRate"", ""Chassis.Wheels.RearLeft.YawRate"", ""Chassis.Wheels.RearRight.YawRate"", ""Chassis.Acceleration.Yaw""], ""can_ids"": [], ""formula"": ""G(skid_detected -> F[0,50 ms] esc_intervention_applied)""}"
R061,multi_clause,True,True,True,False,False,True,0,0,1,0,0,0,0,0,0,0,eager,0,1,True,True,,"{""deadline_ms"": 100.0, ""unresolved"": false, ""component"": ""acc_system"", ""trigger"": ""obstacle_detected"", ""response"": ""brake_applied"", ""vss_signals"": [], ""can_ids"": [], ""formula"": ""G(obstacle_detected -> F[0,100 ms] brake_applied)""}"
R063,multi_clause,True,True,True,True,True,True,0,2,0,0,0,0,2,0,2,0,eager,0,1,False,False,"VSS signals ['Actuators.Steer.ActuatorSteerAngle', 'Actuators.Steer.ActuatorSteerTorque'] are not in the knowledge base; list only signals that exist there, or leave the list empty","{""deadline_ms"": 200.0, ""unresolved"": false, ""component"": ""steering_ecu"", ""trigger"": ""steering_override_requested"", ""response"": ""steering_override_completed"", ""vss_signals"": [""Actuators.Steer.ActuatorSteerAngle"", ""Actuators.Steer.ActuatorSteerTorque""], ""can_ids"": [], ""formula"": ""G(steering_override_requested -> F[0,200 ms] steering_override_completed)""}"
R065,multi_clause,True,True,True,False,False,True,0,2,1,0,0,0,2,0,2,0,eager,0,1,False,False,"VSS signals ['Vehicle.PedestrianDetected', 'Vehicle.Brake.Actuator.ActualBrakePressure'] are not in the knowledge base; list only signals that exist there, or leave the list empty","{""deadline_ms"": 100.0, ""unresolved"": false, ""component"": ""acc_system"", ""trigger"": ""pedestrian_detected"", ""response"": ""full_brake_applied"", ""vss_signals"": [""Vehicle.PedestrianDetected"", ""Vehicle.Brake.Actuator.ActualBrakePressure""], ""can_ids"": [], ""formula"": ""G(pedestrian_detected -> F[0,100 ms] full_brake_applied)""}"
R067,multi_clause,True,True,True,True,True,True,0,1,0,0,0,0,1,0,1,0,eager,0,1,False,False,"VSS signals ['Actuators.Brakes.BrakeRequest'] are not in the knowledge base; list only signals that exist there, or leave the list empty","{""deadline_ms"": 300.0, ""unresolved"": false, ""component"": ""acc_system"", ""trigger"": ""obstacle_detected"", ""response"": ""brake_applied"", ""vss_signals"": [""Actuators.Brakes.BrakeRequest""], ""can_ids"": [], ""formula"": ""G(obstacle_detected -> F[0,300 ms] brake_applied)""}"
R069,multi_clause,True,True,True,True,True,True,0,0,0,0,0,0,0,0,0,0,eager,0,1,True,True,,"{""deadline_ms"": 15.0, ""unresolved"": false, ""component"": ""other"", ""trigger"": ""crash_detected"", ""response"": ""airbag_deployed"", ""vss_signals"": [], ""can_ids"": [], ""formula"": ""G(crash_detected -> F[0,15 ms] airbag_deployed)""}"
R071,no_deadline,True,True,True,True,True,True,0,2,0,0,0,0,2,0,2,0,eager,0,1,False,False,"VSS signals ['Actuators.Brakes.BrakePressure', 'Actuators.Brakes.BrakeSystemStatus'] are not in the knowledge base; list only signals that exist there, or leave the list empty","{""deadline_ms"": null, ""unresolved"": false, ""component"": ""braking_system"", ""trigger"": ""emergency_brake_activated"", ""response"": ""activation_event_logged"", ""vss_signals"": [""Actuators.Brakes.BrakePressure"", ""Actuators.Brakes.BrakeSystemStatus""], ""can_ids"": [], ""formula"": null}"
R073,no_deadline,True,True,True,True,True,True,0,1,1,0,0,0,1,0,1,0,eager,0,1,False,False,"VSS signals ['ADAS.CruiseControl.Status'] are not in the knowledge base; list only signals that exist there, or leave the list empty","{""deadline_ms"": null, ""unresolved"": false, ""component"": ""acc_system"", ""trigger"": ""driver_disable_request"", ""response"": ""acc_disabled"", ""vss_signals"": [""ADAS.CruiseControl.Status""], ""can_ids"": [], ""formula"": null}"
R075,no_deadline,True,True,True,True,True,True,0,1,0,0,0,0,1,0,1,0,eager,0,1,False,False,"VSS signals ['Actuators.Brakes.BrakePressure'] are not in the knowledge base; list only signals that exist there, or leave the list empty","{""deadline_ms"": null, ""unresolved"": false, ""component"": ""braking_system"", ""trigger"": ""brake_pressure_measured"", ""response"": ""brake_pressure_within_limit"", ""vss_signals"": [""Actuators.Brakes.BrakePressure""], ""can_ids"": [], ""formula"": null}"
R077,no_deadline,True,True,True,True,True,True,0,2,1,0,0,0,2,0,2,0,eager,0,1,False,False,"VSS signals ['Vehicle.Cameras', 'Vehicle.LiDAR'] are not in the knowledge base; list only signals that exist there, or leave the list empty","{""deadline_ms"": null, ""unresolved"": false, ""component"": ""other"", ""trigger"": ""pedestrian_detection_active"", ""response"": ""sensor_data_processed"", ""vss_signals"": [""Vehicle.Cameras"", ""Vehicle.LiDAR""], ""can_ids"": [], ""formula"": null}"
R079,no_deadline,True,True,True,False,False,True,0,0,0,0,0,0,0,0,0,0,eager,0,1,True,True,,"{""deadline_ms"": null, ""unresolved"": false, ""component"": ""safety_monitor"", ""trigger"": ""safety_message_received"", ""response"": ""message_authenticated"", ""vss_signals"": [], ""can_ids"": [], ""formula"": null}"
R081,no_deadline,True,True,True,True,True,True,1,0,0,0,0,0,0,0,1,0,eager,0,1,True,True,,"{""deadline_ms"": null, ""unresolved"": false, ""component"": ""other"", ""trigger"": ""vehicle_speed_sampled"", ""response"": ""speed_reported"", ""vss_signals"": [""Vehicle.Speed""], ""can_ids"": [], ""formula"": null}"
R083,no_deadline,True,True,True,True,True,True,0,0,0,0,0,0,0,0,0,0,eager,0,1,True,True,,"{""deadline_ms"": null, ""unresolved"": false, ""component"": ""other"", ""trigger"": ""infotainment_traffic_generated"", ""response"": ""safety_critical_can_traffic_intact"", ""vss_signals"": [], ""can_ids"": [], ""formula"": null}"
R085,no_deadline,True,True,True,True,True,True,0,0,0,0,0,1,0,0,0,0,eager,0,1,True,True,,"{""deadline_ms"": null, ""unresolved"": false, ""component"": ""other"", ""trigger"": ""traction_control_requested"", ""response"": ""traction_control_active"", ""vss_signals"": [], ""can_ids"": [], ""formula"": null}"
R087,vague,True,True,True,True,True,True,0,1,1,0,0,0,1,0,1,0,eager,0,1,False,False,"VSS signals ['Chassis.Steer.LaneDepartureWarning'] are not in the knowledge base; list only signals that exist there, or leave the list empty","{""deadline_ms"": null, ""unresolved"": true, ""component"": ""lane_departure_system"", ""trigger"": ""lane_departure_detected"", ""response"": ""lane_departure_warning_issued"", ""vss_signals"": [""Chassis.Steer.LaneDepartureWarning""], ""can_ids"": [], ""formula"": null}"
R089,vague,True,True,True,True,True,True,0,3,0,0,0,0,2,0,3,0,eager,0,1,False,False,"VSS signals ['Vehicle.Acceleration.AcceleratorPedalPosition', 'Vehicle.Dynamics.Acceleration'] are not in the knowledge base; list only signals that exist there, or leave the list empty","{""deadline_ms"": null, ""unresolved"": true, ""component"": ""acc_system"", ""trigger"": ""lead_vehicle_speed_change"", ""response"": ""acc_reaction"", ""vss_signals"": [""Vehicle.Acceleration.AcceleratorPedalPosition"", ""Vehicle.Speed"", ""Vehicle.Dynamics.Acceleration""], ""can_ids"": [], ""formula"": null}"
R091,vague,True,True,True,True,True,True,0,2,0,0,0,0,2,0,2,0,eager,0,1,False,False,"VSS signals ['Chassis.SteerWheel.Angle', 'Chassis.SteerWheel.Torque'] are not in the knowledge base; list only signals that exist there, or leave the list empty","{""deadline_ms"": null, ""unresolved"": true, ""component"": ""steering_ecu"", ""trigger"": ""steering_override_requested"", ""response"": ""steering_override_executed"", ""vss_signals"": [""Chassis.SteerWheel.Angle"", ""Chassis.SteerWheel.Torque""], ""can_ids"": [], ""formula"": null}"
R093,vague,True,True,True,True,True,True,0,0,0,0,0,0,0,0,0,0,eager,0,1,True,True,,"{""deadline_ms"": null, ""unresolved"": true, ""component"": ""safety_monitor"", ""trigger"": ""safety_event_detected"", ""response"": ""safety_action_executed"", ""vss_signals"": [], ""can_ids"": [], ""formula"": null}"
R095,vague,True,True,True,True,True,True,0,0,1,0,0,0,0,0,0,0,eager,0,1,True,True,,"{""deadline_ms"": null, ""unresolved"": true, ""component"": ""alert_module"", ""trigger"": ""obstacle_detected"", ""response"": ""warning_displayed"", ""vss_signals"": [], ""can_ids"": [], ""formula"": null}"
R097,derived,True,True,True,True,True,True,0,1,1,0,0,0,1,0,1,0,eager,0,1,False,False,"VSS signals ['Chassis.Steer.LaneDepartureWarning'] are not in the knowledge base; list only signals that exist there, or leave the list empty","{""deadline_ms"": 200.0, ""unresolved"": false, ""component"": ""lane_departure_system"", ""trigger"": ""lane_departure_detected"", ""response"": ""lane_departure_warning_generated"", ""vss_signals"": [""Chassis.Steer.LaneDepartureWarning""], ""can_ids"": [], ""formula"": ""G(lane_departure_detected -> F[0,200 ms] lane_departure_warning_generated)""}"
R099,derived,True,True,True,True,True,True,0,3,0,0,0,0,2,0,3,0,eager,0,1,False,False,"VSS signals ['Vehicle.Acceleration.AcceleratorPedalPosition', 'Vehicle.Dynamics.Acceleration'] are not in the knowledge base; list only signals that exist there, or leave the list empty","{""deadline_ms"": 300.0, ""unresolved"": false, ""component"": ""acc_system"", ""trigger"": ""obstacle_detected"", ""response"": ""brake_applied"", ""vss_signals"": [""Vehicle.Acceleration.AcceleratorPedalPosition"", ""Vehicle.Speed"", ""Vehicle.Dynamics.Acceleration""], ""can_ids"": [], ""formula"": ""G(obstacle_detected -> F[0,300 ms] brake_applied)""}"
R101,derived,True,True,True,True,True,True,0,0,0,0,0,0,0,0,0,0,eager,0,1,True,True,,"{""deadline_ms"": 50.0, ""unresolved"": false, ""component"": ""alert_module"", ""trigger"": ""alert_condition_detected"", ""response"": ""driver_alert_displayed"", ""vss_signals"": [], ""can_ids"": [], ""formula"": ""G(alert_condition_detected -> F[0,50 ms] driver_alert_displayed)""}"
R103,derived,True,True,True,False,False,True,0,2,0,0,0,0,2,0,2,0,eager,0,1,False,False,"VSS signals ['Actuators.Brakes.BrakeSystemStatus', 'Actuators.Brakes.BrakePedalPosition'] are not in the knowledge base; list only signals that exist there, or leave the list empty","{""deadline_ms"": 50.0, ""unresolved"": false, ""component"": ""braking_system"", ""trigger"": ""emergency_brake_requested"", ""response"": ""safety_mechanism_activated"", ""vss_signals"": [""Actuators.Brakes.BrakeSystemStatus"", ""Actuators.Brakes.BrakePedalPosition""], ""can_ids"": [], ""formula"": ""G(emergency_brake_requested -> F[0,50 ms] safety_mechanism_activated)""}"
R105,derived,True,True,True,True,True,True,0,2,0,0,0,0,2,0,2,0,eager,0,1,False,False,"VSS signals ['Vehicle.Acceleration.AccelerationLongitudinal', 'Vehicle.Acceleration.AccelerationLateral'] are not in the knowledge base; list only signals that exist there, or leave the list empty","{""deadline_ms"": 15.0, ""unresolved"": false, ""component"": ""other"", ""trigger"": ""collision_detected"", ""response"": ""airbag_deployed"", ""vss_signals"": [""Vehicle.Acceleration.AccelerationLongitudinal"", ""Vehicle.Acceleration.AccelerationLateral""], ""can_ids"": [], ""formula"": ""G(collision_detected -> F[0,15 ms] airbag_deployed)""}"
R107,derived,True,True,True,False,False,True,0,0,0,0,0,2,0,0,0,0,eager,0,1,True,True,,"{""deadline_ms"": 20.0, ""unresolved"": false, ""component"": ""acc_system"", ""trigger"": ""camera_detection"", ""response"": ""fusion_output_available"", ""vss_signals"": [], ""can_ids"": [], ""formula"": ""G(camera_detection -> F[0,20 ms] fusion_output_available)""}"
R109,derived,True,True,True,True,True,True,0,2,2,0,0,0,2,0,2,0,eager,0,1,False,False,"VSS signals ['Actuators.Brakes.BrakePedalPosition', 'Actuators.CruiseControl.Status'] are not in the knowledge base; list only signals that exist there, or leave the list empty","{""deadline_ms"": 100.0, ""unresolved"": false, ""component"": ""acc_system"", ""trigger"": ""brake_applied"", ""response"": ""cruise_control_disengaged"", ""vss_signals"": [""Actuators.Brakes.BrakePedalPosition"", ""Actuators.CruiseControl.Status""], ""can_ids"": [], ""formula"": ""G(brake_applied -> F[0,100 ms] cruise_control_disengaged)""}"
R111,format,True,True,True,True,True,True,0,2,1,0,0,0,2,0,2,0,eager,0,1,False,False,"VSS signals ['Actuators.Brakes.BrakePressure', 'Actuators.Brakes.BrakeTorque'] are not in the knowledge base; list only signals that exist there, or leave the list empty","{""deadline_ms"": 100.0, ""unresolved"": false, ""component"": ""braking_system"", ""trigger"": ""obstacle_detected"", ""response"": ""brake_applied"", ""vss_signals"": [""Actuators.Brakes.BrakePressure"", ""Actuators.Brakes.BrakeTorque""], ""can_ids"": [], ""formula"": ""G(obstacle_detected -> F[0,100 ms] brake_applied)""}"
R113,format,True,True,True,False,False,True,0,2,1,0,0,0,1,0,2,0,eager,0,1,False,False,"VSS signals ['Vehicle.Brakes.BrakePressure'] are not in the knowledge base; list only signals that exist there, or leave the list empty","{""deadline_ms"": 100.0, ""unresolved"": false, ""component"": ""acc_system"", ""trigger"": ""obstacle_detected"", ""response"": ""brake_applied"", ""vss_signals"": [""Vehicle.Speed"", ""Vehicle.Brakes.BrakePressure""], ""can_ids"": [], ""formula"": ""G(obstacle_detected -> F[0,100 ms] brake_applied)""}"
R115,format,True,True,True,True,True,True,0,1,1,0,0,0,1,0,1,0,eager,0,1,False,False,"VSS signals ['Chassis.Steer.LaneDepartureWarning'] are not in the knowledge base; list only signals that exist there, or leave the list empty","{""deadline_ms"": 200.0, ""unresolved"": false, ""component"": ""lane_departure_system"", ""trigger"": ""lane_crossing_detected"", ""response"": ""ldw_alert_activated"", ""vss_signals"": [""Chassis.Steer.LaneDepartureWarning""], ""can_ids"": [], ""formula"": ""G(lane_crossing_detected -> F[0,200 ms] ldw_alert_activated)""}"
R117,format,True,True,True,False,False,True,0,3,1,0,0,0,2,0,3,0,eager,0,1,False,False,"VSS signals ['Vehicle.Acceleration.AcceleratorPedalPosition', 'Vehicle.Brake.BrakePedalPosition'] are not in the knowledge base; list only signals that exist there, or leave the list empty","{""deadline_ms"": 100.0, ""unresolved"": false, ""component"": ""acc_system"", ""trigger"": ""pedestrian_detected"", ""response"": ""brake_applied"", ""vss_signals"": [""Vehicle.Acceleration.AcceleratorPedalPosition"", ""Vehicle.Brake.BrakePedalPosition"", ""Vehicle.Speed""], ""can_ids"": [], ""formula"": ""G(pedestrian_detected -> F[0,100 ms] brake_applied)""}"
R119,format,True,True,True,True,True,True,0,0,0,0,0,0,0,0,0,0,eager,0,1,True,True,,"{""deadline_ms"": 50.0, ""unresolved"": false, ""component"": ""alert_module"", ""trigger"": ""alert_condition_detected"", ""response"": ""driver_alert_activated"", ""vss_signals"": [], ""can_ids"": [], ""formula"": ""G(alert_condition_detected -> F[0,50 ms] driver_alert_activated)""}"
R001,explicit,True,True,True,True,True,True,1,0,0,0,1,0,0,0,1,1,rag,0,1,True,True,,"{""deadline_ms"": 100.0, ""unresolved"": false, ""component"": ""braking_system"", ""trigger"": ""obstacle_detected"", ""response"": ""brake_applied"", ""vss_signals"": [""Vehicle.ADAS.ObstacleDetection.IsWarning""], ""can_ids"": [""0x1A0""], ""formula"": ""G(obstacle_detected -> F[0,100 ms] brake_applied)""}"
R003,explicit,True,True,True,False,False,True,1,0,0,0,1,0,0,0,1,1,rag,0,1,True,True,,"{""deadline_ms"": 100.0, ""unresolved"": false, ""component"": ""acc_system"", ""trigger"": ""pedestrian_detected"", ""response"": ""brake_applied"", ""vss_signals"": [""Vehicle.ADAS.PedestrianDetection.IsDetected""], ""can_ids"": [""0x1A0""], ""formula"": ""G(pedestrian_detected -> F[0,100 ms] brake_applied)""}"
R005,explicit,True,True,True,True,True,True,1,0,0,0,0,0,0,0,1,0,rag,0,1,True,True,,"{""deadline_ms"": 200.0, ""unresolved"": false, ""component"": ""lane_departure_system"", ""trigger"": ""lane_departed"", ""response"": ""lane_departure_warning_issued"", ""vss_signals"": [""Vehicle.ADAS.LaneDepartureDetection.IsWarning""], ""can_ids"": [], ""formula"": ""G(lane_departed -> F[0,200 ms] lane_departure_warning_issued)""}"
R007,explicit,True,True,True,True,True,True,0,2,0,0,0,0,0,0,2,0,rag,0,1,True,True,,"{""deadline_ms"": 300.0, ""unresolved"": false, ""component"": ""acc_system"", ""trigger"": ""lead_vehicle_speed_change"", ""response"": ""cruise_control_speed_adjusted"", ""vss_signals"": [""Vehicle.ADAS.CruiseControl.SpeedSet"", ""Vehicle.Speed""], ""can_ids"": [], ""formula"": ""G(lead_vehicle_speed_change -> F[0,300 ms] cruise_control_speed_adjusted)""}"
R009,explicit,True,True,True,True,True,True,0,0,0,0,0,0,0,0,0,0,rag,0,1,True,True,,"{""deadline_ms"": 50.0, ""unresolved"": false, ""component"": ""alert_module"", ""trigger"": ""critical_fault_flagged"", ""response"": ""driver_alert_presented"", ""vss_signals"": [], ""can_ids"": [], ""formula"": ""G(critical_fault_flagged -> F[0,50 ms] driver_alert_presented)""}"
R011,explicit,True,True,True,True,True,True,0,0,0,0,0,0,0,0,0,0,rag,0,1,True,True,,"{""deadline_ms"": 50.0, ""unresolved"": false, ""component"": ""safety_monitor"", ""trigger"": ""fault_detected"", ""response"": ""safety_mechanism_activated"", ""vss_signals"": [], ""can_ids"": [], ""formula"": ""G(fault_detected -> F[0,50 ms] safety_mechanism_activated)""}"
R013,explicit,True,True,True,True,True,True,0,0,0,1,0,0,0,0,0,1,rag,0,1,True,True,,"{""deadline_ms"": 500.0, ""unresolved"": false, ""component"": ""ecu_watchdog"", ""trigger"": ""heartbeat_missing"", ""response"": ""watchdog_timeout"", ""vss_signals"": [], ""can_ids"": [""0x600""], ""formula"": ""G(heartbeat_missing -> F[0,500 ms] watchdog_timeout)""}"
R015,explicit,True,True,True,True,True,True,0,0,0,0,0,0,0,0,0,0,rag,0,1,True,True,,"{""deadline_ms"": 200.0, ""unresolved"": false, ""component"": ""steering_ecu"", ""trigger"": ""steering_override_requested"", ""response"": ""steering_override_completed"", ""vss_signals"": [], ""can_ids"": [], ""formula"": ""G(steering_override_requested -> F[0,200 ms] steering_override_completed)""}"
R017,explicit,True,True,True,True,True,True,1,0,0,0,1,0,0,0,1,1,rag,0,1,True,True,,"{""deadline_ms"": 20.0, ""unresolved"": false, ""component"": ""braking_system"", ""trigger"": ""wheel_lockup_detected"", ""response"": ""abs_engaged"", ""vss_signals"": [""Vehicle.ADAS.ABS.IsEngaged""], ""can_ids"": [""0x1A3""], ""formula"": ""G(wheel_lockup_detected -> F[0,20 ms] abs_engaged)""}"
R019,explicit,True,True,True,True,True,True,0,0,0,1,0,0,0,0,0,1,rag,0,1,True,True,,"{""deadline_ms"": 30.0, ""unresolved"": false, ""component"": ""other"", ""trigger"": ""wheel_slip_detected"", ""response"": ""engine_torque_reduced"", ""vss_signals"": [], ""can_ids"": [""0x700""], ""formula"": ""G(wheel_slip_detected -> F[0,30 ms] engine_torque_reduced)""}"
R021,explicit,True,True,True,False,False,True,2,0,0,0,0,0,0,0,2,0,rag,0,1,True,True,,"{""deadline_ms"": 100.0, ""unresolved"": false, ""component"": ""braking_system"", ""trigger"": ""brake_pedal_pressed"", ""response"": ""brake_lights_illuminated"", ""vss_signals"": [""Vehicle.Body.Lights.Brake.IsActive"", ""Vehicle.Chassis.Brake.PedalPosition""], ""can_ids"": [], ""formula"": ""G(brake_pedal_pressed -> F[0,100 ms] brake_lights_illuminated)""}"
R023,explicit,True,True,True,True,True,True,0,0,0,2,0,0,0,0,0,2,rag,0,1,True,True,,"{""deadline_ms"": 33.0, ""unresolved"": false, ""component"": ""other"", ""trigger"": ""camera_detection_result_generated"", ""response"": ""sensor_fusion_ecu_received"", ""vss_signals"": [], ""can_ids"": [""0x320"", ""0x300""], ""formula"": ""G(camera_detection_result_generated -> F[0,33 ms] sensor_fusion_ecu_received)""}"
R025,explicit,True,True,True,True,True,True,1,0,0,0,1,0,0,0,1,1,rag,0,1,True,True,,"{""deadline_ms"": 100.0, ""unresolved"": false, ""component"": ""other"", ""trigger"": ""new_image_data_received"", ""response"": ""camera_confidence_updated"", ""vss_signals"": [""Vehicle.ADAS.PedestrianDetection.CameraConfidence""], ""can_ids"": [""0x320""], ""formula"": ""G(new_image_data_received -> F[0,100 ms] camera_confidence_updated)""}"
R027,explicit,True,True,True,True,True,True,1,0,0,0,0,0,0,0,1,0,rag,0,1,True,True,,"{""deadline_ms"": 50.0, ""unresolved"": false, ""component"": ""alert_module"", ""trigger"": ""driver_inattentive_detected"", ""response"": ""warning_displayed"", ""vss_signals"": [""Vehicle.Driver.AttentiveProbability""], ""can_ids"": [], ""formula"": ""G(driver_inattentive_detected -> F[0,50 ms] warning_displayed)""}"
R029,explicit,True,True,True,True,True,True,1,0,0,0,0,0,0,0,1,0,rag,0,1,True,True,,"{""deadline_ms"": 10.0, ""unresolved"": false, ""component"": ""braking_system"", ""trigger"": ""brake_pedal_position_changed"", ""response"": ""brake_pedal_position_reported"", ""vss_signals"": [""Vehicle.Chassis.Brake.PedalPosition""], ""can_ids"": [], ""formula"": ""G(brake_pedal_position_changed -> F[0,10 ms] brake_pedal_position_reported)""}"
R031,units,True,True,True,True,True,True,1,0,0,0,1,0,0,0,1,1,rag,0,1,True,True,,"{""deadline_ms"": 100.0, ""unresolved"": false, ""component"": ""braking_system"", ""trigger"": ""obstacle_detected"", ""response"": ""brake_applied"", ""vss_signals"": [""Vehicle.ADAS.ObstacleDetection.IsWarning""], ""can_ids"": [""0x1A0""], ""formula"": ""G(obstacle_detected -> F[0,100 ms] brake_applied)""}"
R033,units,True,True,True,True,True,True,1,0,0,0,0,0,0,0,1,0,rag,0,1,True,True,,"{""deadline_ms"": 200.0, ""unresolved"": false, ""component"": ""lane_departure_system"", ""trigger"": ""lane_departure_detected"", ""response"": ""lane_departure_warning_issued"", ""vss_signals"": [""Vehicle.ADAS.LaneDepartureDetection.IsWarning""], ""can_ids"": [], ""formula"": ""G(lane_departure_detected -> F[0,200 ms] lane_departure_warning_issued)""}"
R035,units,True,True,True,True,True,True,0,0,0,0,0,0,0,0,0,0,rag,0,1,True,True,,"{""deadline_ms"": 50.0, ""unresolved"": false, ""component"": ""alert_module"", ""trigger"": ""fault_detected"", ""response"": ""driver_alert_displayed"", ""vss_signals"": [], ""can_ids"": [], ""formula"": ""G(fault_detected -> F[0,50 ms] driver_alert_displayed)""}"
R037,units,True,True,True,True,True,True,0,0,0,0,0,0,0,0,0,0,rag,0,1,True,True,,"{""deadline_ms"": 300.0, ""unresolved"": false, ""component"": ""acc_system"", ""trigger"": ""closing_lead_vehicle_detected"", ""response"": ""acc_response"", ""vss_signals"": [], ""can_ids"": [], ""formula"": ""G(closing_lead_vehicle_detected -> F[0,300 ms] acc_response)""}"
R039,units,True,True,True,False,False,True,1,0,0,0,0,0,0,0,1,0,rag,0,1,True,True,,"{""deadline_ms"": 100.0, ""unresolved"": false, ""component"": ""acc_system"", ""trigger"": ""pedestrian_detected"", ""response"": ""brake_applied"", ""vss_signals"": [""Vehicle.ADAS.PedestrianDetection.IsDetected""], ""can_ids"": [], ""formula"": ""G(pedestrian_detected -> F[0,100 ms] brake_applied)""}"
R041,units,True,True,True,True,True,True,1,0,0,0,1,0,0,0,1,1,rag,0,1,True,True,,"{""deadline_ms"": 150.0, ""unresolved"": false, ""component"": ""braking_system"", ""trigger"": ""obstacle_detected"", ""response"": ""brake_applied"", ""vss_signals"": [""Vehicle.ADAS.ObstacleDetection.IsWarning""], ""can_ids"": [""0x1A0""], ""formula"": ""G(obstacle_detected -> F[0,150 ms] brake_applied)""}"
R043,units,True,True,True,True,True,True,1,0,0,0,0,0,0,0,1,0,rag,0,1,True,True,,"{""deadline_ms"": 50.0, ""unresolved"": false, ""component"": ""lane_departure_system"", ""trigger"": ""lane_departure_detected"", ""response"": ""warning_sounded"", ""vss_signals"": [""Vehicle.ADAS.LaneDepartureDetection.IsWarning""], ""can_ids"": [], ""formula"": ""G(lane_departure_detected -> F[0,50 ms] warning_sounded)""}"
R045,units,True,True,True,True,True,True,0,0,0,1,0,0,0,0,0,1,rag,0,1,True,True,,"{""deadline_ms"": 250.0, ""unresolved"": false, ""component"": ""steering_ecu"", ""trigger"": ""steering_request"", ""response"": ""steering_command_output"", ""vss_signals"": [], ""can_ids"": [""0x210""], ""formula"": ""G(steering_request -> F[0,250 ms] steering_command_output)""}"
R047,distractor,True,True,True,False,False,True,1,0,0,0,1,0,0,0,1,1,rag,0,1,True,True,,"{""deadline_ms"": 100.0, ""unresolved"": false, ""component"": ""acc_system"", ""trigger"": ""obstacle_detected"", ""response"": ""brake_applied"", ""vss_signals"": [""Vehicle.ADAS.ObstacleDetection.IsWarning""], ""can_ids"": [""0x1A0""], ""formula"": ""G(obstacle_detected -> F[0,100 ms] brake_applied)""}"
R049,distractor,True,True,True,False,False,True,1,0,0,0,1,0,0,0,1,1,rag,0,1,True,True,,"{""deadline_ms"": 150.0, ""unresolved"": false, ""component"": ""acc_system"", ""trigger"": ""pedestrian_detected"", ""response"": ""brake_applied"", ""vss_signals"": [""Vehicle.ADAS.PedestrianDetection.IsDetected""], ""can_ids"": [""0x1A0""], ""formula"": ""G(pedestrian_detected -> F[0,150 ms] brake_applied)""}"
R051,distractor,True,True,True,True,True,True,0,1,0,0,0,0,0,0,1,0,rag,0,1,True,True,,"{""deadline_ms"": 300.0, ""unresolved"": false, ""component"": ""acc_system"", ""trigger"": ""vehicle_speed_50kmh_gradient_3pct"", ""response"": ""acc_reaction"", ""vss_signals"": [""Vehicle.Speed""], ""can_ids"": [], ""formula"": ""G(vehicle_speed_50kmh_gradient_3pct -> F[0,300 ms] acc_reaction)""}"
R053,distractor,True,True,True,True,True,True,0,0,0,0,0,0,0,0,0,0,rag,0,1,True,True,,"{""deadline_ms"": 200.0, ""unresolved"": false, ""component"": ""steering_ecu"", ""trigger"": ""steering_override_requested"", ""response"": ""steering_override_completed"", ""vss_signals"": [], ""can_ids"": [], ""formula"": ""G(steering_override_requested -> F[0,200 ms] steering_override_completed)""}"
R055,distractor,True,True,True,True,True,True,0,0,0,0,0,0,0,0,0,0,rag,0,1,True,True,,"{""deadline_ms"": 50.0, ""unresolved"": false, ""component"": ""alert_module"", ""trigger"": ""diagnostic_fault_detected"", ""response"": ""driver_alert_shown"", ""vss_signals"": [], ""can_ids"": [], ""formula"": ""G(diagnostic_fault_detected -> F[0,50 ms] driver_alert_shown)""}"
R057,distractor,True,True,True,True,True,True,1,0,0,0,0,0,0,0,1,0,rag,0,1,True,True,,"{""deadline_ms"": 50.0, ""unresolved"": false, ""component"": ""alert_module"", ""trigger"": ""obstacle_detected"", ""response"": ""obstacle_warning_displayed"", ""vss_signals"": [""Vehicle.ADAS.ObstacleDetection.IsWarning""], ""can_ids"": [], ""formula"": ""G(obstacle_detected -> F[0,50 ms] obstacle_warning_displayed)""}"
R059,distractor,True,True,True,False,False,True,1,0,0,0,0,0,0,0,1,0,rag,0,1,True,True,,"{""deadline_ms"": 50.0, ""unresolved"": false, ""component"": ""braking_system"", ""trigger"": ""skid_detected"", ""response"": ""esc_intervention"", ""vss_signals"": [""Vehicle.ADAS.ESC.IsActive""], ""can_ids"": [], ""formula"": ""G(skid_detected -> F[0,50 ms] esc_intervention)""}"
R061,multi_clause,True,True,True,False,False,True,1,1,0,0,1,0,0,0,2,1,rag,0,1,True,True,,"{""deadline_ms"": 100.0, ""unresolved"": false, ""component"": ""acc_system"", ""trigger"": ""obstacle_detected"", ""response"": ""brake_applied"", ""vss_signals"": [""Vehicle.ADAS.ObstacleDetection.IsWarning"", ""Vehicle.Body.Lights.Brake.IsActive""], ""can_ids"": [""0x1A0""], ""formula"": ""G(obstacle_detected -> F[0,100 ms] brake_applied)""}"
R063,multi_clause,True,True,True,True,True,True,0,1,0,0,1,0,0,0,1,1,rag,0,1,True,True,,"{""deadline_ms"": 200.0, ""unresolved"": false, ""component"": ""steering_ecu"", ""trigger"": ""steering_override_requested"", ""response"": ""steering_override_complete"", ""vss_signals"": [""Vehicle.Chassis.SteeringWheel.Angle""], ""can_ids"": [""0x210""], ""formula"": ""G(steering_override_requested -> F[0,200 ms] steering_override_complete)""}"
R065,multi_clause,True,True,True,True,True,True,1,0,0,0,1,0,0,0,1,1,rag,0,1,True,True,,"{""deadline_ms"": 100.0, ""unresolved"": false, ""component"": ""braking_system"", ""trigger"": ""pedestrian_detected"", ""response"": ""brake_applied"", ""vss_signals"": [""Vehicle.ADAS.PedestrianDetection.IsDetected""], ""can_ids"": [""0x1A0""], ""formula"": ""G(pedestrian_detected -> F[0,100 ms] brake_applied)""}"
R067,multi_clause,True,True,True,True,True,True,0,0,0,0,1,0,0,0,0,1,rag,0,1,True,True,,"{""deadline_ms"": 300.0, ""unresolved"": false, ""component"": ""acc_system"", ""trigger"": ""obstacle_detected"", ""response"": ""brake_applied"", ""vss_signals"": [], ""can_ids"": [""0x1A0""], ""formula"": ""G(obstacle_detected -> F[0,300 ms] brake_applied)""}"
R069,multi_clause,True,True,True,True,True,True,0,0,0,0,0,0,0,0,0,0,rag,0,1,True,True,,"{""deadline_ms"": 15.0, ""unresolved"": false, ""component"": ""other"", ""trigger"": ""crash_detected"", ""response"": ""airbag_deployed"", ""vss_signals"": [], ""can_ids"": [], ""formula"": ""G(crash_detected -> F[0,15 ms] airbag_deployed)""}"
R071,no_deadline,True,True,True,True,True,True,0,0,0,0,0,0,0,0,0,0,rag,0,1,True,True,,"{""deadline_ms"": null, ""unresolved"": false, ""component"": ""braking_system"", ""trigger"": ""emergency_brake_activation"", ""response"": ""activation_event_logged"", ""vss_signals"": [], ""can_ids"": [], ""formula"": null}"
R073,no_deadline,True,True,True,True,True,True,1,0,0,0,0,0,0,0,1,0,rag,0,1,True,True,,"{""deadline_ms"": null, ""unresolved"": false, ""component"": ""acc_system"", ""trigger"": ""cruise_control_disable_requested"", ""response"": ""cruise_control_deactivated"", ""vss_signals"": [""Vehicle.ADAS.CruiseControl.IsActive""], ""can_ids"": [], ""formula"": null}"
R075,no_deadline,True,True,True,True,True,True,0,0,0,0,0,0,0,0,0,0,rag,0,1,True,True,,"{""deadline_ms"": null, ""unresolved"": false, ""component"": ""braking_system"", ""trigger"": ""brake_pressure_exceeds_limit"", ""response"": ""brake_pressure_clamped"", ""vss_signals"": [], ""can_ids"": [], ""formula"": null}"
R077,no_deadline,True,True,True,False,False,True,0,2,1,0,2,0,0,0,2,2,rag,0,1,True,True,,"{""deadline_ms"": null, ""unresolved"": false, ""component"": ""acc_system"", ""trigger"": ""pedestrian_detected"", ""response"": ""pedestrian_detection_processed"", ""vss_signals"": [""Vehicle.ADAS.PedestrianDetection.CameraConfidence"", ""Vehicle.ADAS.PedestrianDetection.LidarConfidence""], ""can_ids"": [""0x320"", ""0x310""], ""formula"": null}"
R079,no_deadline,True,True,True,False,False,True,0,0,0,0,0,0,0,0,0,0,rag,0,1,True,True,,"{""deadline_ms"": null, ""unresolved"": false, ""component"": ""safety_monitor"", ""trigger"": ""safety_message_received"", ""response"": ""message_authenticated"", ""vss_signals"": [], ""can_ids"": [], ""formula"": null}"
R081,no_deadline,True,True,True,True,True,True,1,0,0,0,0,0,0,0,1,0,rag,0,1,True,True,,"{""deadline_ms"": null, ""unresolved"": false, ""component"": ""other"", ""trigger"": ""speed_measurement"", ""response"": ""speed_reported"", ""vss_signals"": [""Vehicle.Speed""], ""can_ids"": [], ""formula"": null}"
R083,no_deadline,True,True,True,True,True,True,0,0,0,0,1,0,0,0,0,1,rag,0,1,True,True,,"{""deadline_ms"": null, ""unresolved"": false, ""component"": ""other"", ""trigger"": ""infotainment_traffic_detected"", ""response"": ""safety_can_traffic_intact"", ""vss_signals"": [], ""can_ids"": [""0x400""], ""formula"": null}"
R085,no_deadline,True,True,True,True,True,True,0,0,0,1,0,0,0,0,0,1,rag,0,1,True,True,,"{""deadline_ms"": null, ""unresolved"": false, ""component"": ""other"", ""trigger"": ""icy_road_detected"", ""response"": ""traction_control_operable"", ""vss_signals"": [], ""can_ids"": [""0x700""], ""formula"": null}"
R087,vague,True,True,True,True,True,True,1,0,0,0,0,0,0,0,1,0,rag,0,1,True,True,,"{""deadline_ms"": null, ""unresolved"": true, ""component"": ""lane_departure_system"", ""trigger"": ""lane_departure_detected"", ""response"": ""lane_departure_warning_issued"", ""vss_signals"": [""Vehicle.ADAS.LaneDepartureDetection.IsWarning""], ""can_ids"": [], ""formula"": null}"
R089,vague,True,True,True,True,True,True,0,0,0,0,0,0,0,0,0,0,rag,0,1,True,True,,"{""deadline_ms"": null, ""unresolved"": true, ""component"": ""acc_system"", ""trigger"": ""lead_vehicle_speed_change"", ""response"": ""acc_reaction"", ""vss_signals"": [], ""can_ids"": [], ""formula"": null}"
R091,vague,True,True,True,True,True,True,0,1,0,0,1,0,0,0,1,1,rag,0,1,True,True,,"{""deadline_ms"": null, ""unresolved"": true, ""component"": ""steering_ecu"", ""trigger"": ""steering_override_requested"", ""response"": ""steering_override_executed"", ""vss_signals"": [""Vehicle.Chassis.SteeringWheel.Angle""], ""can_ids"": [""0x210""], ""formula"": null}"
R093,vague,True,True,True,True,True,True,0,0,0,0,0,0,0,0,0,0,rag,0,1,True,True,,"{""deadline_ms"": null, ""unresolved"": true, ""component"": ""safety_monitor"", ""trigger"": ""safety_event_detected"", ""response"": ""safety_action_executed"", ""vss_signals"": [], ""can_ids"": [], ""formula"": null}"
R095,vague,True,True,True,True,True,True,1,0,0,0,0,0,0,0,1,0,rag,0,1,True,True,,"{""deadline_ms"": null, ""unresolved"": true, ""component"": ""alert_module"", ""trigger"": ""obstacle_detected"", ""response"": ""warning_displayed"", ""vss_signals"": [""Vehicle.ADAS.ObstacleDetection.IsWarning""], ""can_ids"": [], ""formula"": null}"
R097,derived,True,True,True,True,True,True,1,0,0,0,0,0,0,0,1,0,rag,0,1,True,True,,"{""deadline_ms"": 200.0, ""unresolved"": false, ""component"": ""lane_departure_system"", ""trigger"": ""lane_departure_detected"", ""response"": ""lane_departure_warning_generated"", ""vss_signals"": [""Vehicle.ADAS.LaneDepartureDetection.IsWarning""], ""can_ids"": [], ""formula"": ""G(lane_departure_detected -> F[0,200 ms] lane_departure_warning_generated)""}"
R099,derived,True,True,True,True,True,True,0,0,0,0,0,0,0,0,0,0,rag,0,1,True,True,,"{""deadline_ms"": 300.0, ""unresolved"": false, ""component"": ""acc_system"", ""trigger"": ""obstacle_detected"", ""response"": ""acc_response"", ""vss_signals"": [], ""can_ids"": [], ""formula"": ""G(obstacle_detected -> F[0,300 ms] acc_response)""}"
R101,derived,True,True,True,True,True,True,0,0,0,0,0,0,0,0,0,0,rag,0,1,True,True,,"{""deadline_ms"": 50.0, ""unresolved"": false, ""component"": ""alert_module"", ""trigger"": ""alert_condition_detected"", ""response"": ""driver_alert_displayed"", ""vss_signals"": [], ""can_ids"": [], ""formula"": ""G(alert_condition_detected -> F[0,50 ms] driver_alert_displayed)""}"
R103,derived,True,True,True,False,False,True,0,0,0,0,0,0,0,0,0,0,rag,0,1,True,True,,"{""deadline_ms"": 50.0, ""unresolved"": false, ""component"": ""braking_system"", ""trigger"": ""emergency_brake_requested"", ""response"": ""safety_mechanism_activated"", ""vss_signals"": [], ""can_ids"": [], ""formula"": ""G(emergency_brake_requested -> F[0,50 ms] safety_mechanism_activated)""}"
R105,derived,True,True,True,True,True,True,0,0,0,0,0,0,0,0,0,0,rag,0,1,True,True,,"{""deadline_ms"": 15.0, ""unresolved"": false, ""component"": ""other"", ""trigger"": ""sensor_frame_start"", ""response"": ""airbag_deployed"", ""vss_signals"": [], ""can_ids"": [], ""formula"": ""G(sensor_frame_start -> F[0,15 ms] airbag_deployed)""}"
R107,derived,True,True,True,True,True,True,0,0,0,2,0,0,0,0,0,2,rag,0,1,True,True,,"{""deadline_ms"": 20.0, ""unresolved"": false, ""component"": ""other"", ""trigger"": ""camera_detection"", ""response"": ""fusion_output_available"", ""vss_signals"": [], ""can_ids"": [""0x320"", ""0x300""], ""formula"": ""G(camera_detection -> F[0,20 ms] fusion_output_available)""}"
R109,derived,True,True,True,True,True,True,1,0,1,0,0,0,0,0,1,0,rag,0,1,True,True,,"{""deadline_ms"": 100.0, ""unresolved"": false, ""component"": ""acc_system"", ""trigger"": ""brake_applied"", ""response"": ""cruise_control_disengaged"", ""vss_signals"": [""Vehicle.ADAS.CruiseControl.IsActive""], ""can_ids"": [], ""formula"": ""G(brake_applied -> F[0,100 ms] cruise_control_disengaged)""}"
R111,format,True,True,True,True,True,True,1,0,0,0,1,0,0,0,1,1,rag,0,1,True,True,,"{""deadline_ms"": 100.0, ""unresolved"": false, ""component"": ""braking_system"", ""trigger"": ""obstacle_detected"", ""response"": ""brake_applied"", ""vss_signals"": [""Vehicle.ADAS.ObstacleDetection.IsWarning""], ""can_ids"": [""0x1A0""], ""formula"": ""G(obstacle_detected -> F[0,100 ms] brake_applied)""}"
R113,format,True,True,True,False,False,True,1,0,0,0,1,0,0,0,1,1,rag,0,1,True,True,,"{""deadline_ms"": 100.0, ""unresolved"": false, ""component"": ""acc_system"", ""trigger"": ""obstacle_detected"", ""response"": ""brake_applied"", ""vss_signals"": [""Vehicle.ADAS.ObstacleDetection.IsWarning""], ""can_ids"": [""0x1A0""], ""formula"": ""G(obstacle_detected -> F[0,100 ms] brake_applied)""}"
R115,format,True,True,True,True,True,True,1,0,0,0,0,0,0,0,1,0,rag,0,1,True,True,,"{""deadline_ms"": 200.0, ""unresolved"": false, ""component"": ""lane_departure_system"", ""trigger"": ""lane_crossing_detected"", ""response"": ""ldw_alert_activated"", ""vss_signals"": [""Vehicle.ADAS.LaneDepartureDetection.IsWarning""], ""can_ids"": [], ""formula"": ""G(lane_crossing_detected -> F[0,200 ms] ldw_alert_activated)""}"
R117,format,True,True,True,False,False,True,1,0,0,0,1,0,0,0,1,1,rag,0,1,True,True,,"{""deadline_ms"": 100.0, ""unresolved"": false, ""component"": ""acc_system"", ""trigger"": ""pedestrian_detected"", ""response"": ""brake_applied"", ""vss_signals"": [""Vehicle.ADAS.PedestrianDetection.IsDetected""], ""can_ids"": [""0x1A0""], ""formula"": ""G(pedestrian_detected -> F[0,100 ms] brake_applied)""}"
R119,format,True,True,True,True,True,True,0,1,0,0,0,0,0,0,1,0,rag,0,1,True,True,,"{""deadline_ms"": 50.0, ""unresolved"": false, ""component"": ""alert_module"", ""trigger"": ""driver_inattention_detected"", ""response"": ""alert_issued"", ""vss_signals"": [""Vehicle.Driver.AttentiveProbability""], ""can_ids"": [], ""formula"": ""G(driver_inattention_detected -> F[0,50 ms] alert_issued)""}"
R001,explicit,True,True,True,True,True,True,1,0,0,0,1,0,0,0,1,1,rag_validator,0,1,True,True,,"{""deadline_ms"": 100.0, ""unresolved"": false, ""component"": ""braking_system"", ""trigger"": ""obstacle_detected"", ""response"": ""brake_applied"", ""vss_signals"": [""Vehicle.ADAS.ObstacleDetection.IsWarning""], ""can_ids"": [""0x1A0""], ""formula"": ""G(obstacle_detected -> F[0,100 ms] brake_applied)""}"
R003,explicit,True,True,True,False,False,True,1,0,0,0,1,0,0,0,1,1,rag_validator,0,1,True,True,,"{""deadline_ms"": 100.0, ""unresolved"": false, ""component"": ""acc_system"", ""trigger"": ""pedestrian_detected"", ""response"": ""brake_applied"", ""vss_signals"": [""Vehicle.ADAS.PedestrianDetection.IsDetected""], ""can_ids"": [""0x1A0""], ""formula"": ""G(pedestrian_detected -> F[0,100 ms] brake_applied)""}"
R005,explicit,True,True,True,True,True,True,1,0,0,0,0,0,0,0,1,0,rag_validator,0,1,True,True,,"{""deadline_ms"": 200.0, ""unresolved"": false, ""component"": ""lane_departure_system"", ""trigger"": ""lane_departed"", ""response"": ""lane_departure_warning_issued"", ""vss_signals"": [""Vehicle.ADAS.LaneDepartureDetection.IsWarning""], ""can_ids"": [], ""formula"": ""G(lane_departed -> F[0,200 ms] lane_departure_warning_issued)""}"
R007,explicit,True,True,True,True,True,True,0,2,0,0,0,0,0,0,2,0,rag_validator,0,1,True,True,,"{""deadline_ms"": 300.0, ""unresolved"": false, ""component"": ""acc_system"", ""trigger"": ""lead_vehicle_speed_change"", ""response"": ""cruise_control_speed_adjusted"", ""vss_signals"": [""Vehicle.ADAS.CruiseControl.SpeedSet"", ""Vehicle.Speed""], ""can_ids"": [], ""formula"": ""G(lead_vehicle_speed_change -> F[0,300 ms] cruise_control_speed_adjusted)""}"
R009,explicit,True,True,True,True,True,True,0,0,0,0,0,0,0,0,0,0,rag_validator,0,1,True,True,,"{""deadline_ms"": 50.0, ""unresolved"": false, ""component"": ""alert_module"", ""trigger"": ""critical_fault_flagged"", ""response"": ""driver_alert_presented"", ""vss_signals"": [], ""can_ids"": [], ""formula"": ""G(critical_fault_flagged -> F[0,50 ms] driver_alert_presented)""}"
R011,explicit,True,True,True,True,True,True,0,0,0,0,0,0,0,0,0,0,rag_validator,0,1,True,True,,"{""deadline_ms"": 50.0, ""unresolved"": false, ""component"": ""safety_monitor"", ""trigger"": ""fault_detected"", ""response"": ""safety_mechanism_activated"", ""vss_signals"": [], ""can_ids"": [], ""formula"": ""G(fault_detected -> F[0,50 ms] safety_mechanism_activated)""}"
R013,explicit,True,True,True,True,True,True,0,0,0,1,0,0,0,0,0,1,rag_validator,0,1,True,True,,"{""deadline_ms"": 500.0, ""unresolved"": false, ""component"": ""ecu_watchdog"", ""trigger"": ""heartbeat_missing"", ""response"": ""watchdog_timeout"", ""vss_signals"": [], ""can_ids"": [""0x600""], ""formula"": ""G(heartbeat_missing -> F[0,500 ms] watchdog_timeout)""}"
R015,explicit,True,True,True,True,True,True,0,0,0,0,0,0,0,0,0,0,rag_validator,0,1,True,True,,"{""deadline_ms"": 200.0, ""unresolved"": false, ""component"": ""steering_ecu"", ""trigger"": ""steering_override_requested"", ""response"": ""steering_override_completed"", ""vss_signals"": [], ""can_ids"": [], ""formula"": ""G(steering_override_requested -> F[0,200 ms] steering_override_completed)""}"
R017,explicit,True,True,True,True,True,True,1,0,0,0,1,0,0,0,1,1,rag_validator,0,1,True,True,,"{""deadline_ms"": 20.0, ""unresolved"": false, ""component"": ""braking_system"", ""trigger"": ""wheel_lockup_detected"", ""response"": ""abs_engaged"", ""vss_signals"": [""Vehicle.ADAS.ABS.IsEngaged""], ""can_ids"": [""0x1A3""], ""formula"": ""G(wheel_lockup_detected -> F[0,20 ms] abs_engaged)""}"
R019,explicit,True,True,True,True,True,True,0,0,0,1,0,0,0,0,0,1,rag_validator,0,1,True,True,,"{""deadline_ms"": 30.0, ""unresolved"": false, ""component"": ""other"", ""trigger"": ""wheel_slip_detected"", ""response"": ""engine_torque_reduced"", ""vss_signals"": [], ""can_ids"": [""0x700""], ""formula"": ""G(wheel_slip_detected -> F[0,30 ms] engine_torque_reduced)""}"
R021,explicit,True,True,True,False,False,True,2,0,0,0,0,0,0,0,2,0,rag_validator,0,1,True,True,,"{""deadline_ms"": 100.0, ""unresolved"": false, ""component"": ""braking_system"", ""trigger"": ""brake_pedal_pressed"", ""response"": ""brake_lights_illuminated"", ""vss_signals"": [""Vehicle.Body.Lights.Brake.IsActive"", ""Vehicle.Chassis.Brake.PedalPosition""], ""can_ids"": [], ""formula"": ""G(brake_pedal_pressed -> F[0,100 ms] brake_lights_illuminated)""}"
R023,explicit,True,True,True,True,True,True,0,0,0,2,0,0,0,0,0,2,rag_validator,0,1,True,True,,"{""deadline_ms"": 33.0, ""unresolved"": false, ""component"": ""other"", ""trigger"": ""camera_detection_result_generated"", ""response"": ""sensor_fusion_ecu_received"", ""vss_signals"": [], ""can_ids"": [""0x320"", ""0x300""], ""formula"": ""G(camera_detection_result_generated -> F[0,33 ms] sensor_fusion_ecu_received)""}"
R025,explicit,True,True,True,True,True,True,1,0,0,0,1,0,0,0,1,1,rag_validator,0,1,True,True,,"{""deadline_ms"": 100.0, ""unresolved"": false, ""component"": ""other"", ""trigger"": ""new_image_data_received"", ""response"": ""camera_confidence_updated"", ""vss_signals"": [""Vehicle.ADAS.PedestrianDetection.CameraConfidence""], ""can_ids"": [""0x320""], ""formula"": ""G(new_image_data_received -> F[0,100 ms] camera_confidence_updated)""}"
R027,explicit,True,True,True,True,True,True,1,0,0,0,0,0,0,0,1,0,rag_validator,0,1,True,True,,"{""deadline_ms"": 50.0, ""unresolved"": false, ""component"": ""alert_module"", ""trigger"": ""driver_inattentive_detected"", ""response"": ""warning_displayed"", ""vss_signals"": [""Vehicle.Driver.AttentiveProbability""], ""can_ids"": [], ""formula"": ""G(driver_inattentive_detected -> F[0,50 ms] warning_displayed)""}"
R029,explicit,True,True,True,True,True,True,1,0,0,0,0,0,0,0,1,0,rag_validator,0,1,True,True,,"{""deadline_ms"": 10.0, ""unresolved"": false, ""component"": ""braking_system"", ""trigger"": ""brake_pedal_position_changed"", ""response"": ""brake_pedal_position_reported"", ""vss_signals"": [""Vehicle.Chassis.Brake.PedalPosition""], ""can_ids"": [], ""formula"": ""G(brake_pedal_position_changed -> F[0,10 ms] brake_pedal_position_reported)""}"
R031,units,True,True,True,True,True,True,1,0,0,0,1,0,0,0,1,1,rag_validator,0,1,True,True,,"{""deadline_ms"": 100.0, ""unresolved"": false, ""component"": ""braking_system"", ""trigger"": ""obstacle_detected"", ""response"": ""brake_applied"", ""vss_signals"": [""Vehicle.ADAS.ObstacleDetection.IsWarning""], ""can_ids"": [""0x1A0""], ""formula"": ""G(obstacle_detected -> F[0,100 ms] brake_applied)""}"
R033,units,True,True,True,True,True,True,1,0,0,0,0,0,0,0,1,0,rag_validator,0,1,True,True,,"{""deadline_ms"": 200.0, ""unresolved"": false, ""component"": ""lane_departure_system"", ""trigger"": ""lane_departure_detected"", ""response"": ""lane_departure_warning_issued"", ""vss_signals"": [""Vehicle.ADAS.LaneDepartureDetection.IsWarning""], ""can_ids"": [], ""formula"": ""G(lane_departure_detected -> F[0,200 ms] lane_departure_warning_issued)""}"
R035,units,True,True,True,True,True,True,0,0,0,0,0,0,0,0,0,0,rag_validator,0,1,True,True,,"{""deadline_ms"": 50.0, ""unresolved"": false, ""component"": ""alert_module"", ""trigger"": ""fault_detected"", ""response"": ""driver_alert_displayed"", ""vss_signals"": [], ""can_ids"": [], ""formula"": ""G(fault_detected -> F[0,50 ms] driver_alert_displayed)""}"
R037,units,True,True,True,True,True,True,0,0,0,0,0,0,0,0,0,0,rag_validator,0,1,True,True,,"{""deadline_ms"": 300.0, ""unresolved"": false, ""component"": ""acc_system"", ""trigger"": ""closing_lead_vehicle_detected"", ""response"": ""acc_response"", ""vss_signals"": [], ""can_ids"": [], ""formula"": ""G(closing_lead_vehicle_detected -> F[0,300 ms] acc_response)""}"
R039,units,True,True,True,False,False,True,1,0,0,0,0,0,0,0,1,0,rag_validator,0,1,True,True,,"{""deadline_ms"": 100.0, ""unresolved"": false, ""component"": ""acc_system"", ""trigger"": ""pedestrian_detected"", ""response"": ""brake_applied"", ""vss_signals"": [""Vehicle.ADAS.PedestrianDetection.IsDetected""], ""can_ids"": [], ""formula"": ""G(pedestrian_detected -> F[0,100 ms] brake_applied)""}"
R041,units,True,True,True,True,True,True,1,0,0,0,1,0,0,0,1,1,rag_validator,0,1,True,True,,"{""deadline_ms"": 150.0, ""unresolved"": false, ""component"": ""braking_system"", ""trigger"": ""obstacle_detected"", ""response"": ""brake_applied"", ""vss_signals"": [""Vehicle.ADAS.ObstacleDetection.IsWarning""], ""can_ids"": [""0x1A0""], ""formula"": ""G(obstacle_detected -> F[0,150 ms] brake_applied)""}"
R043,units,True,True,True,True,True,True,1,0,0,0,0,0,0,0,1,0,rag_validator,0,1,True,True,,"{""deadline_ms"": 50.0, ""unresolved"": false, ""component"": ""lane_departure_system"", ""trigger"": ""lane_departure_detected"", ""response"": ""warning_sounded"", ""vss_signals"": [""Vehicle.ADAS.LaneDepartureDetection.IsWarning""], ""can_ids"": [], ""formula"": ""G(lane_departure_detected -> F[0,50 ms] warning_sounded)""}"
R045,units,True,True,True,True,True,True,0,0,0,1,0,0,0,0,0,1,rag_validator,0,1,True,True,,"{""deadline_ms"": 250.0, ""unresolved"": false, ""component"": ""steering_ecu"", ""trigger"": ""steering_request"", ""response"": ""steering_command_output"", ""vss_signals"": [], ""can_ids"": [""0x210""], ""formula"": ""G(steering_request -> F[0,250 ms] steering_command_output)""}"
R047,distractor,True,True,True,False,False,True,1,0,0,0,1,0,0,0,1,1,rag_validator,0,1,True,True,,"{""deadline_ms"": 100.0, ""unresolved"": false, ""component"": ""acc_system"", ""trigger"": ""obstacle_detected"", ""response"": ""brake_applied"", ""vss_signals"": [""Vehicle.ADAS.ObstacleDetection.IsWarning""], ""can_ids"": [""0x1A0""], ""formula"": ""G(obstacle_detected -> F[0,100 ms] brake_applied)""}"
R049,distractor,True,True,True,False,False,True,1,0,0,0,1,0,0,0,1,1,rag_validator,0,1,True,True,,"{""deadline_ms"": 150.0, ""unresolved"": false, ""component"": ""acc_system"", ""trigger"": ""pedestrian_detected"", ""response"": ""brake_applied"", ""vss_signals"": [""Vehicle.ADAS.PedestrianDetection.IsDetected""], ""can_ids"": [""0x1A0""], ""formula"": ""G(pedestrian_detected -> F[0,150 ms] brake_applied)""}"
R051,distractor,True,True,True,True,True,True,0,1,0,0,0,0,0,0,1,0,rag_validator,0,1,True,True,,"{""deadline_ms"": 300.0, ""unresolved"": false, ""component"": ""acc_system"", ""trigger"": ""vehicle_speed_50kmh_gradient_3pct"", ""response"": ""acc_reaction"", ""vss_signals"": [""Vehicle.Speed""], ""can_ids"": [], ""formula"": ""G(vehicle_speed_50kmh_gradient_3pct -> F[0,300 ms] acc_reaction)""}"
R053,distractor,True,True,True,True,True,True,0,0,0,0,0,0,0,0,0,0,rag_validator,0,1,True,True,,"{""deadline_ms"": 200.0, ""unresolved"": false, ""component"": ""steering_ecu"", ""trigger"": ""steering_override_requested"", ""response"": ""steering_override_completed"", ""vss_signals"": [], ""can_ids"": [], ""formula"": ""G(steering_override_requested -> F[0,200 ms] steering_override_completed)""}"
R055,distractor,True,True,True,True,True,True,0,0,0,0,0,0,0,0,0,0,rag_validator,0,1,True,True,,"{""deadline_ms"": 50.0, ""unresolved"": false, ""component"": ""alert_module"", ""trigger"": ""diagnostic_fault_detected"", ""response"": ""driver_alert_shown"", ""vss_signals"": [], ""can_ids"": [], ""formula"": ""G(diagnostic_fault_detected -> F[0,50 ms] driver_alert_shown)""}"
R057,distractor,True,True,True,True,True,True,1,0,0,0,0,0,0,0,1,0,rag_validator,0,1,True,True,,"{""deadline_ms"": 50.0, ""unresolved"": false, ""component"": ""alert_module"", ""trigger"": ""obstacle_detected"", ""response"": ""obstacle_warning_displayed"", ""vss_signals"": [""Vehicle.ADAS.ObstacleDetection.IsWarning""], ""can_ids"": [], ""formula"": ""G(obstacle_detected -> F[0,50 ms] obstacle_warning_displayed)""}"
R059,distractor,True,True,True,False,False,True,1,0,0,0,0,0,0,0,1,0,rag_validator,0,1,True,True,,"{""deadline_ms"": 50.0, ""unresolved"": false, ""component"": ""braking_system"", ""trigger"": ""skid_detected"", ""response"": ""esc_intervention"", ""vss_signals"": [""Vehicle.ADAS.ESC.IsActive""], ""can_ids"": [], ""formula"": ""G(skid_detected -> F[0,50 ms] esc_intervention)""}"
R061,multi_clause,True,True,True,False,False,True,1,1,0,0,1,0,0,0,2,1,rag_validator,0,1,True,True,,"{""deadline_ms"": 100.0, ""unresolved"": false, ""component"": ""acc_system"", ""trigger"": ""obstacle_detected"", ""response"": ""brake_applied"", ""vss_signals"": [""Vehicle.ADAS.ObstacleDetection.IsWarning"", ""Vehicle.Body.Lights.Brake.IsActive""], ""can_ids"": [""0x1A0""], ""formula"": ""G(obstacle_detected -> F[0,100 ms] brake_applied)""}"
R063,multi_clause,True,True,True,True,True,True,0,1,0,0,1,0,0,0,1,1,rag_validator,0,1,True,True,,"{""deadline_ms"": 200.0, ""unresolved"": false, ""component"": ""steering_ecu"", ""trigger"": ""steering_override_requested"", ""response"": ""steering_override_complete"", ""vss_signals"": [""Vehicle.Chassis.SteeringWheel.Angle""], ""can_ids"": [""0x210""], ""formula"": ""G(steering_override_requested -> F[0,200 ms] steering_override_complete)""}"
R065,multi_clause,True,True,True,True,True,True,1,0,0,0,1,0,0,0,1,1,rag_validator,0,1,True,True,,"{""deadline_ms"": 100.0, ""unresolved"": false, ""component"": ""braking_system"", ""trigger"": ""pedestrian_detected"", ""response"": ""brake_applied"", ""vss_signals"": [""Vehicle.ADAS.PedestrianDetection.IsDetected""], ""can_ids"": [""0x1A0""], ""formula"": ""G(pedestrian_detected -> F[0,100 ms] brake_applied)""}"
R067,multi_clause,True,True,True,True,True,True,0,0,0,0,1,0,0,0,0,1,rag_validator,0,1,True,True,,"{""deadline_ms"": 300.0, ""unresolved"": false, ""component"": ""acc_system"", ""trigger"": ""obstacle_detected"", ""response"": ""brake_applied"", ""vss_signals"": [], ""can_ids"": [""0x1A0""], ""formula"": ""G(obstacle_detected -> F[0,300 ms] brake_applied)""}"
R069,multi_clause,True,True,True,True,True,True,0,0,0,0,0,0,0,0,0,0,rag_validator,0,1,True,True,,"{""deadline_ms"": 15.0, ""unresolved"": false, ""component"": ""other"", ""trigger"": ""crash_detected"", ""response"": ""airbag_deployed"", ""vss_signals"": [], ""can_ids"": [], ""formula"": ""G(crash_detected -> F[0,15 ms] airbag_deployed)""}"
R071,no_deadline,True,True,True,True,True,True,0,0,0,0,0,0,0,0,0,0,rag_validator,0,1,True,True,,"{""deadline_ms"": null, ""unresolved"": false, ""component"": ""braking_system"", ""trigger"": ""emergency_brake_activation"", ""response"": ""activation_event_logged"", ""vss_signals"": [], ""can_ids"": [], ""formula"": null}"
R073,no_deadline,True,True,True,True,True,True,1,0,0,0,0,0,0,0,1,0,rag_validator,0,1,True,True,,"{""deadline_ms"": null, ""unresolved"": false, ""component"": ""acc_system"", ""trigger"": ""cruise_control_disable_requested"", ""response"": ""cruise_control_deactivated"", ""vss_signals"": [""Vehicle.ADAS.CruiseControl.IsActive""], ""can_ids"": [], ""formula"": null}"
R075,no_deadline,True,True,True,True,True,True,0,0,0,0,0,0,0,0,0,0,rag_validator,0,1,True,True,,"{""deadline_ms"": null, ""unresolved"": false, ""component"": ""braking_system"", ""trigger"": ""brake_pressure_exceeds_limit"", ""response"": ""brake_pressure_clamped"", ""vss_signals"": [], ""can_ids"": [], ""formula"": null}"
R077,no_deadline,True,True,True,False,False,True,0,2,1,0,2,0,0,0,2,2,rag_validator,0,1,True,True,,"{""deadline_ms"": null, ""unresolved"": false, ""component"": ""acc_system"", ""trigger"": ""pedestrian_detected"", ""response"": ""pedestrian_detection_processed"", ""vss_signals"": [""Vehicle.ADAS.PedestrianDetection.CameraConfidence"", ""Vehicle.ADAS.PedestrianDetection.LidarConfidence""], ""can_ids"": [""0x320"", ""0x310""], ""formula"": null}"
R079,no_deadline,True,True,True,False,False,True,0,0,0,0,0,0,0,0,0,0,rag_validator,0,1,True,True,,"{""deadline_ms"": null, ""unresolved"": false, ""component"": ""safety_monitor"", ""trigger"": ""safety_message_received"", ""response"": ""message_authenticated"", ""vss_signals"": [], ""can_ids"": [], ""formula"": null}"
R081,no_deadline,True,True,True,True,True,True,1,0,0,0,0,0,0,0,1,0,rag_validator,0,1,True,True,,"{""deadline_ms"": null, ""unresolved"": false, ""component"": ""other"", ""trigger"": ""speed_measurement"", ""response"": ""speed_reported"", ""vss_signals"": [""Vehicle.Speed""], ""can_ids"": [], ""formula"": null}"
R083,no_deadline,True,True,True,True,True,True,0,0,0,0,1,0,0,0,0,1,rag_validator,0,1,True,True,,"{""deadline_ms"": null, ""unresolved"": false, ""component"": ""other"", ""trigger"": ""infotainment_traffic_detected"", ""response"": ""safety_can_traffic_intact"", ""vss_signals"": [], ""can_ids"": [""0x400""], ""formula"": null}"
R085,no_deadline,True,True,True,True,True,True,0,0,0,1,0,0,0,0,0,1,rag_validator,0,1,True,True,,"{""deadline_ms"": null, ""unresolved"": false, ""component"": ""other"", ""trigger"": ""icy_road_detected"", ""response"": ""traction_control_operable"", ""vss_signals"": [], ""can_ids"": [""0x700""], ""formula"": null}"
R087,vague,True,True,True,True,True,True,1,0,0,0,0,0,0,0,1,0,rag_validator,0,1,True,True,,"{""deadline_ms"": null, ""unresolved"": true, ""component"": ""lane_departure_system"", ""trigger"": ""lane_departure_detected"", ""response"": ""lane_departure_warning_issued"", ""vss_signals"": [""Vehicle.ADAS.LaneDepartureDetection.IsWarning""], ""can_ids"": [], ""formula"": null}"
R089,vague,True,True,True,True,True,True,0,0,0,0,0,0,0,0,0,0,rag_validator,0,1,True,True,,"{""deadline_ms"": null, ""unresolved"": true, ""component"": ""acc_system"", ""trigger"": ""lead_vehicle_speed_change"", ""response"": ""acc_reaction"", ""vss_signals"": [], ""can_ids"": [], ""formula"": null}"
R091,vague,True,True,True,True,True,True,0,1,0,0,1,0,0,0,1,1,rag_validator,0,1,True,True,,"{""deadline_ms"": null, ""unresolved"": true, ""component"": ""steering_ecu"", ""trigger"": ""steering_override_requested"", ""response"": ""steering_override_executed"", ""vss_signals"": [""Vehicle.Chassis.SteeringWheel.Angle""], ""can_ids"": [""0x210""], ""formula"": null}"
R093,vague,True,True,True,True,True,True,0,0,0,0,0,0,0,0,0,0,rag_validator,0,1,True,True,,"{""deadline_ms"": null, ""unresolved"": true, ""component"": ""safety_monitor"", ""trigger"": ""safety_event_detected"", ""response"": ""safety_action_executed"", ""vss_signals"": [], ""can_ids"": [], ""formula"": null}"
R095,vague,True,True,True,True,True,True,1,0,0,0,0,0,0,0,1,0,rag_validator,0,1,True,True,,"{""deadline_ms"": null, ""unresolved"": true, ""component"": ""alert_module"", ""trigger"": ""obstacle_detected"", ""response"": ""warning_displayed"", ""vss_signals"": [""Vehicle.ADAS.ObstacleDetection.IsWarning""], ""can_ids"": [], ""formula"": null}"
R097,derived,True,True,True,True,True,True,1,0,0,0,0,0,0,0,1,0,rag_validator,0,1,True,True,,"{""deadline_ms"": 200.0, ""unresolved"": false, ""component"": ""lane_departure_system"", ""trigger"": ""lane_departure_detected"", ""response"": ""lane_departure_warning_generated"", ""vss_signals"": [""Vehicle.ADAS.LaneDepartureDetection.IsWarning""], ""can_ids"": [], ""formula"": ""G(lane_departure_detected -> F[0,200 ms] lane_departure_warning_generated)""}"
R099,derived,True,True,True,True,True,True,0,0,0,0,0,0,0,0,0,0,rag_validator,0,1,True,True,,"{""deadline_ms"": 300.0, ""unresolved"": false, ""component"": ""acc_system"", ""trigger"": ""obstacle_detected"", ""response"": ""acc_response"", ""vss_signals"": [], ""can_ids"": [], ""formula"": ""G(obstacle_detected -> F[0,300 ms] acc_response)""}"
R101,derived,True,True,True,True,True,True,0,0,0,0,0,0,0,0,0,0,rag_validator,0,1,True,True,,"{""deadline_ms"": 50.0, ""unresolved"": false, ""component"": ""alert_module"", ""trigger"": ""alert_condition_detected"", ""response"": ""driver_alert_displayed"", ""vss_signals"": [], ""can_ids"": [], ""formula"": ""G(alert_condition_detected -> F[0,50 ms] driver_alert_displayed)""}"
R103,derived,True,True,True,False,False,True,0,0,0,0,0,0,0,0,0,0,rag_validator,0,1,True,True,,"{""deadline_ms"": 50.0, ""unresolved"": false, ""component"": ""braking_system"", ""trigger"": ""emergency_brake_requested"", ""response"": ""safety_mechanism_activated"", ""vss_signals"": [], ""can_ids"": [], ""formula"": ""G(emergency_brake_requested -> F[0,50 ms] safety_mechanism_activated)""}"
R105,derived,True,True,True,True,True,True,0,0,0,0,0,0,0,0,0,0,rag_validator,0,1,True,True,,"{""deadline_ms"": 15.0, ""unresolved"": false, ""component"": ""other"", ""trigger"": ""sensor_frame_start"", ""response"": ""airbag_deployed"", ""vss_signals"": [], ""can_ids"": [], ""formula"": ""G(sensor_frame_start -> F[0,15 ms] airbag_deployed)""}"
R107,derived,True,True,True,True,True,True,0,0,0,2,0,0,0,0,0,2,rag_validator,0,1,True,True,,"{""deadline_ms"": 20.0, ""unresolved"": false, ""component"": ""other"", ""trigger"": ""camera_detection"", ""response"": ""fusion_output_available"", ""vss_signals"": [], ""can_ids"": [""0x320"", ""0x300""], ""formula"": ""G(camera_detection -> F[0,20 ms] fusion_output_available)""}"
R109,derived,True,True,True,True,True,True,1,0,1,0,0,0,0,0,1,0,rag_validator,0,1,True,True,,"{""deadline_ms"": 100.0, ""unresolved"": false, ""component"": ""acc_system"", ""trigger"": ""brake_applied"", ""response"": ""cruise_control_disengaged"", ""vss_signals"": [""Vehicle.ADAS.CruiseControl.IsActive""], ""can_ids"": [], ""formula"": ""G(brake_applied -> F[0,100 ms] cruise_control_disengaged)""}"
R111,format,True,True,True,True,True,True,1,0,0,0,1,0,0,0,1,1,rag_validator,0,1,True,True,,"{""deadline_ms"": 100.0, ""unresolved"": false, ""component"": ""braking_system"", ""trigger"": ""obstacle_detected"", ""response"": ""brake_applied"", ""vss_signals"": [""Vehicle.ADAS.ObstacleDetection.IsWarning""], ""can_ids"": [""0x1A0""], ""formula"": ""G(obstacle_detected -> F[0,100 ms] brake_applied)""}"
R113,format,True,True,True,False,False,True,1,0,0,0,1,0,0,0,1,1,rag_validator,0,1,True,True,,"{""deadline_ms"": 100.0, ""unresolved"": false, ""component"": ""acc_system"", ""trigger"": ""obstacle_detected"", ""response"": ""brake_applied"", ""vss_signals"": [""Vehicle.ADAS.ObstacleDetection.IsWarning""], ""can_ids"": [""0x1A0""], ""formula"": ""G(obstacle_detected -> F[0,100 ms] brake_applied)""}"
R115,format,True,True,True,True,True,True,1,0,0,0,0,0,0,0,1,0,rag_validator,0,1,True,True,,"{""deadline_ms"": 200.0, ""unresolved"": false, ""component"": ""lane_departure_system"", ""trigger"": ""lane_crossing_detected"", ""response"": ""ldw_alert_activated"", ""vss_signals"": [""Vehicle.ADAS.LaneDepartureDetection.IsWarning""], ""can_ids"": [], ""formula"": ""G(lane_crossing_detected -> F[0,200 ms] ldw_alert_activated)""}"
R117,format,True,True,True,False,False,True,1,0,0,0,1,0,0,0,1,1,rag_validator,0,1,True,True,,"{""deadline_ms"": 100.0, ""unresolved"": false, ""component"": ""acc_system"", ""trigger"": ""pedestrian_detected"", ""response"": ""brake_applied"", ""vss_signals"": [""Vehicle.ADAS.PedestrianDetection.IsDetected""], ""can_ids"": [""0x1A0""], ""formula"": ""G(pedestrian_detected -> F[0,100 ms] brake_applied)""}"
R119,format,True,True,True,True,True,True,0,1,0,0,0,0,0,0,1,0,rag_validator,0,1,True,True,,"{""deadline_ms"": 50.0, ""unresolved"": false, ""component"": ""alert_module"", ""trigger"": ""driver_inattention_detected"", ""response"": ""alert_issued"", ""vss_signals"": [""Vehicle.Driver.AttentiveProbability""], ""can_ids"": [], ""formula"": ""G(driver_inattention_detected -> F[0,50 ms] alert_issued)""}"
